Using pre-set license
Built from '2021.3/staging' branch; Version is '2021.3.16f1 (4016570cf34f) revision 4200023'; Using compiler version '192829333'; Build Type 'Release'
OS: 'Windows 11  (10.0.22621) 64bit Professional' Language: 'es' Physical Memory: 32535 MB
BatchMode: 1, IsHumanControllingUs: 0, StartBugReporterOnCrash: 0, Is64bit: 1, IsPro: 1

COMMAND LINE ARGUMENTS:
C:\Program Files\Unity 2021.3.16f1\Editor\Unity.exe
-adb2
-batchMode
-noUpm
-name
AssetImportWorker4
-projectPath
C:/Users/Ale/Desktop/3V/IAV/Proyecto Final/MeyerManoir
-logFile
Logs/AssetImportWorker4.log
-srvPort
63100
Successfully changed project path to: C:/Users/Ale/Desktop/3V/IAV/Proyecto Final/MeyerManoir
C:/Users/Ale/Desktop/3V/IAV/Proyecto Final/MeyerManoir
[UnityMemory] Configuration Parameters - Can be set up in boot.config
    "memorysetup-bucket-allocator-granularity=16"
    "memorysetup-bucket-allocator-bucket-count=8"
    "memorysetup-bucket-allocator-block-size=33554432"
    "memorysetup-bucket-allocator-block-count=8"
    "memorysetup-main-allocator-block-size=16777216"
    "memorysetup-thread-allocator-block-size=16777216"
    "memorysetup-gfx-main-allocator-block-size=16777216"
    "memorysetup-gfx-thread-allocator-block-size=16777216"
    "memorysetup-cache-allocator-block-size=4194304"
    "memorysetup-typetree-allocator-block-size=2097152"
    "memorysetup-profiler-bucket-allocator-granularity=16"
    "memorysetup-profiler-bucket-allocator-bucket-count=8"
    "memorysetup-profiler-bucket-allocator-block-size=33554432"
    "memorysetup-profiler-bucket-allocator-block-count=8"
    "memorysetup-profiler-allocator-block-size=16777216"
    "memorysetup-profiler-editor-allocator-block-size=1048576"
    "memorysetup-temp-allocator-size-main=16777216"
    "memorysetup-job-temp-allocator-block-size=2097152"
    "memorysetup-job-temp-allocator-block-size-background=1048576"
    "memorysetup-job-temp-allocator-reduction-small-platforms=262144"
    "memorysetup-temp-allocator-size-background-worker=32768"
    "memorysetup-temp-allocator-size-job-worker=262144"
    "memorysetup-temp-allocator-size-preload-manager=33554432"
    "memorysetup-temp-allocator-size-nav-mesh-worker=65536"
    "memorysetup-temp-allocator-size-audio-worker=65536"
    "memorysetup-temp-allocator-size-cloud-worker=32768"
    "memorysetup-temp-allocator-size-gi-baking-worker=262144"
    "memorysetup-temp-allocator-size-gfx=262144"
Player connection [13172] Host "[IP] 192.168.56.1 [Port] 0 [Flags] 2 [Guid] 3182109751 [EditorId] 3182109751 [Version] 1048832 [Id] WindowsEditor(7,DESKTOP-6J2VOMN) [Debug] 1 [PackageName] WindowsEditor [ProjectName] Editor" joined multi-casting on [225.0.0.222:54997]...

Player connection [13172] Host "[IP] 192.168.56.1 [Port] 0 [Flags] 2 [Guid] 3182109751 [EditorId] 3182109751 [Version] 1048832 [Id] WindowsEditor(7,DESKTOP-6J2VOMN) [Debug] 1 [PackageName] WindowsEditor [ProjectName] Editor" joined alternative multi-casting on [225.0.0.222:34997]...

Refreshing native plugins compatible for Editor in 140.69 ms, found 3 plugins.
Preloading 0 native plugins for Editor in 0.00 ms.
Initialize engine version: 2021.3.16f1 (4016570cf34f)
[Subsystems] Discovering subsystems at path C:/Program Files/Unity 2021.3.16f1/Editor/Data/Resources/UnitySubsystems
[Subsystems] Discovering subsystems at path C:/Users/Ale/Desktop/3V/IAV/Proyecto Final/MeyerManoir/Assets
GfxDevice: creating device client; threaded=0; jobified=0
Direct3D:
    Version:  Direct3D 11.0 [level 11.1]
    Renderer: NVIDIA GeForce GTX 1660 Ti with Max-Q Design (ID=0x2191)
    Vendor:   NVIDIA
    VRAM:     5979 MB
    Driver:   31.0.15.2849
Initialize mono
Mono path[0] = 'C:/Program Files/Unity 2021.3.16f1/Editor/Data/Managed'
Mono path[1] = 'C:/Program Files/Unity 2021.3.16f1/Editor/Data/MonoBleedingEdge/lib/mono/unityjit-win32'
Mono config path = 'C:/Program Files/Unity 2021.3.16f1/Editor/Data/MonoBleedingEdge/etc'
Using monoOptions --debugger-agent=transport=dt_socket,embedding=1,server=y,suspend=n,address=127.0.0.1:56984
Begin MonoManager ReloadAssembly
Registering precompiled unity dll's ...
Register platform support module: C:/Program Files/Unity 2021.3.16f1/Editor/Data/PlaybackEngines/AndroidPlayer/UnityEditor.Android.Extensions.dll
Register platform support module: C:/Program Files/Unity 2021.3.16f1/Editor/Data/PlaybackEngines/WindowsStandaloneSupport/UnityEditor.WindowsStandalone.Extensions.dll
Registered in 0.006828 seconds.
Native extension for WindowsStandalone target not found
Native extension for Android target not found
Refreshing native plugins compatible for Editor in 118.71 ms, found 3 plugins.
Preloading 0 native plugins for Editor in 0.00 ms.
Mono: successfully reloaded assembly
- Completed reload, in  0.998 seconds
Domain Reload Profiling:
	ReloadAssembly (999ms)
		BeginReloadAssembly (112ms)
			ExecutionOrderSort (0ms)
			DisableScriptedObjects (0ms)
			BackupInstance (0ms)
			ReleaseScriptingObjects (0ms)
			CreateAndSetChildDomain (1ms)
		EndReloadAssembly (701ms)
			LoadAssemblies (109ms)
			RebuildTransferFunctionScriptingTraits (0ms)
			SetupTypeCache (160ms)
			ReleaseScriptCaches (0ms)
			RebuildScriptCaches (44ms)
			SetupLoadedEditorAssemblies (426ms)
				LogAssemblyErrors (0ms)
				InitializePlatformSupportModulesInManaged (61ms)
				SetLoadedEditorAssemblies (1ms)
				RefreshPlugins (119ms)
				BeforeProcessingInitializeOnLoad (2ms)
				ProcessInitializeOnLoadAttributes (168ms)
				ProcessInitializeOnLoadMethodAttributes (76ms)
				AfterProcessingInitializeOnLoad (0ms)
				EditorAssembliesLoaded (0ms)
			ExecutionOrderSort2 (0ms)
			AwakeInstancesAfterBackupRestoration (0ms)
Platform modules already initialized, skipping
Registering precompiled user dll's ...
Registered in 0.007900 seconds.
Begin MonoManager ReloadAssembly
Symbol file LoadedFromMemory doesn't match image C:\Users\Ale\Desktop\3V\IAV\Proyecto Final\MeyerManoir\Library\PackageCache\com.unity.visualscripting@1.7.8\Editor\VisualScripting.Core\Dependencies\YamlDotNet\Unity.VisualScripting.YamlDotNet.dll
Symbol file LoadedFromMemory doesn't match image C:\Users\Ale\Desktop\3V\IAV\Proyecto Final\MeyerManoir\Library\PackageCache\com.unity.visualscripting@1.7.8\Editor\VisualScripting.Core\Dependencies\DotNetZip\Unity.VisualScripting.IonicZip.dll
Native extension for WindowsStandalone target not found
Native extension for Android target not found
Refreshing native plugins compatible for Editor in 0.71 ms, found 3 plugins.
Preloading 0 native plugins for Editor in 0.00 ms.
Mono: successfully reloaded assembly
- Completed reload, in  1.579 seconds
Domain Reload Profiling:
	ReloadAssembly (1580ms)
		BeginReloadAssembly (191ms)
			ExecutionOrderSort (0ms)
			DisableScriptedObjects (11ms)
			BackupInstance (0ms)
			ReleaseScriptingObjects (0ms)
			CreateAndSetChildDomain (34ms)
		EndReloadAssembly (1213ms)
			LoadAssemblies (137ms)
			RebuildTransferFunctionScriptingTraits (0ms)
			SetupTypeCache (391ms)
			ReleaseScriptCaches (1ms)
			RebuildScriptCaches (77ms)
			SetupLoadedEditorAssemblies (565ms)
				LogAssemblyErrors (0ms)
				InitializePlatformSupportModulesInManaged (21ms)
				SetLoadedEditorAssemblies (1ms)
				RefreshPlugins (1ms)
				BeforeProcessingInitializeOnLoad (133ms)
				ProcessInitializeOnLoadAttributes (365ms)
				ProcessInitializeOnLoadMethodAttributes (36ms)
				AfterProcessingInitializeOnLoad (8ms)
				EditorAssembliesLoaded (0ms)
			ExecutionOrderSort2 (0ms)
			AwakeInstancesAfterBackupRestoration (8ms)
Platform modules already initialized, skipping
========================================================================
Worker process is ready to serve import requests
Launched and connected shader compiler UnityShaderCompiler.exe after 0.09 seconds
Refreshing native plugins compatible for Editor in 1.15 ms, found 3 plugins.
Preloading 0 native plugins for Editor in 0.00 ms.
Unloading 3371 Unused Serialized files (Serialized files now loaded: 0)
Unloading 27 unused Assets / (114.3 KB). Loaded Objects now: 3831.
Memory consumption went from 123.5 MB to 123.4 MB.
Total: 4.463100 ms (FindLiveObjects: 0.335000 ms CreateObjectMapping: 0.301000 ms MarkObjects: 3.675400 ms  DeleteObjects: 0.150700 ms)

AssetImportParameters requested are different than current active one (requested -> active):
  custom:video-decoder-ogg-theora: a1e56fd34408186e4bbccfd4996cb3dc -> 
  custom:container-muxer-webm: aa71ff27fc2769a1b78a27578f13a17b -> 
  custom:container-demuxer-webm: 4f35f7cbe854078d1ac9338744f61a02 -> 
  custom:video-encoder-webm-vp8: eb34c28f22e8b96e1ab97ce403110664 -> 
  custom:audio-encoder-webm-vorbis: bf7c407c2cedff20999df2af8eb42d56 -> 
  custom:framework-win-MediaFoundation: 216162199b28c13a410421893ffa2e32 -> 
  custom:container-demuxer-ogg: 62fdf1f143b41e24485cea50d1cbac27 -> 
  custom:video-decoder-webm-vp8: 9c59270c3fd7afecdb556c50c9e8de78 -> 
  custom:audio-decoder-ogg-vorbis: bf7c407c2cedff20999df2af8eb42d56 -> 
========================================================================
Received Import Request.
  Time since last request: 3818097.264599 seconds.
  path: Assets/Materials/Tumba.mat
  artifactKey: Guid(b16e7e704ec1d1a49a32baf3e0722ac3) Importer(815301076,1909f56bfc062723c751e8b465ee728b)
Start importing Assets/Materials/Tumba.mat using Guid(b16e7e704ec1d1a49a32baf3e0722ac3) Importer(815301076,1909f56bfc062723c751e8b465ee728b)  -> (artifact id: '8d6fec851e922758c53d2495d633115f') in 0.219819 seconds 
========================================================================
Received Import Request.
  Time since last request: 20.497822 seconds.
  path: Assets/Materials/Window.mat
  artifactKey: Guid(a38772e7548f76749b42a530848ccce5) Importer(815301076,1909f56bfc062723c751e8b465ee728b)
Start importing Assets/Materials/Window.mat using Guid(a38772e7548f76749b42a530848ccce5) Importer(815301076,1909f56bfc062723c751e8b465ee728b)  -> (artifact id: '4e73ac8ccf2d082fa9b7f7ce2e20e3c3') in 0.017139 seconds 
========================================================================
Received Import Request.
  Time since last request: 4.112638 seconds.
  path: Assets/Materials/Ventana.mat
  artifactKey: Guid(a38772e7548f76749b42a530848ccce5) Importer(815301076,1909f56bfc062723c751e8b465ee728b)
Start importing Assets/Materials/Ventana.mat using Guid(a38772e7548f76749b42a530848ccce5) Importer(815301076,1909f56bfc062723c751e8b465ee728b)  -> (artifact id: '5c52b06a84cf0c3dc52edbf12b4ac924') in 0.016740 seconds 
========================================================================
Received Import Request.
  Time since last request: 46.372291 seconds.
  path: Assets/Materials/Ventana.mat
  artifactKey: Guid(a38772e7548f76749b42a530848ccce5) Importer(815301076,1909f56bfc062723c751e8b465ee728b)
Start importing Assets/Materials/Ventana.mat using Guid(a38772e7548f76749b42a530848ccce5) Importer(815301076,1909f56bfc062723c751e8b465ee728b)  -> (artifact id: '65b11861298c7d8ab0dcabf71f025977') in 0.017197 seconds 
========================================================================
Received Import Request.
  Time since last request: 130.550188 seconds.
  path: Assets/Materials/Mansion.mat
  artifactKey: Guid(ed46e0aac07bd6e44b06a9889b511369) Importer(815301076,1909f56bfc062723c751e8b465ee728b)
Start importing Assets/Materials/Mansion.mat using Guid(ed46e0aac07bd6e44b06a9889b511369) Importer(815301076,1909f56bfc062723c751e8b465ee728b)  -> (artifact id: 'd1e3979ceafd812e7ae3815b8fa35878') in 0.018537 seconds 
========================================================================
Received Prepare
Registering precompiled user dll's ...
Registered in 0.010300 seconds.
Begin MonoManager ReloadAssembly
Symbol file LoadedFromMemory doesn't match image C:\Users\Ale\Desktop\3V\IAV\Proyecto Final\MeyerManoir\Library\PackageCache\com.unity.visualscripting@1.7.8\Editor\VisualScripting.Core\Dependencies\YamlDotNet\Unity.VisualScripting.YamlDotNet.dll
Symbol file LoadedFromMemory doesn't match image C:\Users\Ale\Desktop\3V\IAV\Proyecto Final\MeyerManoir\Library\PackageCache\com.unity.visualscripting@1.7.8\Editor\VisualScripting.Core\Dependencies\DotNetZip\Unity.VisualScripting.IonicZip.dll
Native extension for WindowsStandalone target not found
Native extension for Android target not found
Refreshing native plugins compatible for Editor in 0.72 ms, found 3 plugins.
Preloading 0 native plugins for Editor in 0.00 ms.
Mono: successfully reloaded assembly
- Completed reload, in  1.518 seconds
Domain Reload Profiling:
	ReloadAssembly (1519ms)
		BeginReloadAssembly (186ms)
			ExecutionOrderSort (0ms)
			DisableScriptedObjects (7ms)
			BackupInstance (0ms)
			ReleaseScriptingObjects (0ms)
			CreateAndSetChildDomain (54ms)
		EndReloadAssembly (1190ms)
			LoadAssemblies (115ms)
			RebuildTransferFunctionScriptingTraits (0ms)
			SetupTypeCache (395ms)
			ReleaseScriptCaches (1ms)
			RebuildScriptCaches (62ms)
			SetupLoadedEditorAssemblies (550ms)
				LogAssemblyErrors (0ms)
				InitializePlatformSupportModulesInManaged (30ms)
				SetLoadedEditorAssemblies (1ms)
				RefreshPlugins (1ms)
				BeforeProcessingInitializeOnLoad (103ms)
				ProcessInitializeOnLoadAttributes (373ms)
				ProcessInitializeOnLoadMethodAttributes (34ms)
				AfterProcessingInitializeOnLoad (8ms)
				EditorAssembliesLoaded (0ms)
			ExecutionOrderSort2 (0ms)
			AwakeInstancesAfterBackupRestoration (8ms)
Platform modules already initialized, skipping
Refreshing native plugins compatible for Editor in 2.41 ms, found 3 plugins.
Preloading 0 native plugins for Editor in 0.00 ms.
Unloading 3360 Unused Serialized files (Serialized files now loaded: 0)
Unloading 20 unused Assets / (81.1 KB). Loaded Objects now: 3875.
Memory consumption went from 127.4 MB to 127.4 MB.
Total: 4.240200 ms (FindLiveObjects: 0.316100 ms CreateObjectMapping: 0.212500 ms MarkObjects: 3.591000 ms  DeleteObjects: 0.119600 ms)

AssetImportParameters requested are different than current active one (requested -> active):
  custom:video-decoder-ogg-theora: a1e56fd34408186e4bbccfd4996cb3dc -> 
  custom:container-muxer-webm: aa71ff27fc2769a1b78a27578f13a17b -> 
  custom:container-demuxer-webm: 4f35f7cbe854078d1ac9338744f61a02 -> 
  custom:video-encoder-webm-vp8: eb34c28f22e8b96e1ab97ce403110664 -> 
  custom:audio-encoder-webm-vorbis: bf7c407c2cedff20999df2af8eb42d56 -> 
  custom:framework-win-MediaFoundation: 216162199b28c13a410421893ffa2e32 -> 
  custom:container-demuxer-ogg: 62fdf1f143b41e24485cea50d1cbac27 -> 
  custom:video-decoder-webm-vp8: 9c59270c3fd7afecdb556c50c9e8de78 -> 
  custom:audio-decoder-ogg-vorbis: bf7c407c2cedff20999df2af8eb42d56 -> 
========================================================================
Received Import Request.
  Time since last request: 178.815474 seconds.
  path: Assets/Materials/Mansion.mat
  artifactKey: Guid(ed46e0aac07bd6e44b06a9889b511369) Importer(815301076,1909f56bfc062723c751e8b465ee728b)
Start importing Assets/Materials/Mansion.mat using Guid(ed46e0aac07bd6e44b06a9889b511369) Importer(815301076,1909f56bfc062723c751e8b465ee728b)  -> (artifact id: '8b8edb9b78cc2fbb02b2531ec55a2225') in 0.585574 seconds 
========================================================================
Received Import Request.
  Time since last request: 0.000025 seconds.
  path: Assets/Materials/Ventana.mat
  artifactKey: Guid(a38772e7548f76749b42a530848ccce5) Importer(815301076,1909f56bfc062723c751e8b465ee728b)
Start importing Assets/Materials/Ventana.mat using Guid(a38772e7548f76749b42a530848ccce5) Importer(815301076,1909f56bfc062723c751e8b465ee728b)  -> (artifact id: 'e47bcd6c39db03f2845b2aa2b449fb04') in 0.025778 seconds 
========================================================================
Received Import Request.
  Time since last request: 76.164432 seconds.
  path: Assets/Materials/mado_l.mat
  artifactKey: Guid(af179dd31a8720d438a1591570abc428) Importer(815301076,1909f56bfc062723c751e8b465ee728b)
Start importing Assets/Materials/mado_l.mat using Guid(af179dd31a8720d438a1591570abc428) Importer(815301076,1909f56bfc062723c751e8b465ee728b)  -> (artifact id: '3a10ba527e6d8903ed56cd69ff558206') in 0.020144 seconds 
========================================================================
Received Import Request.
  Time since last request: 48.525531 seconds.
  path: Assets/Materials/Verja.mat
  artifactKey: Guid(8fd9569e77d3f4349851ab3615a5e9cd) Importer(815301076,1909f56bfc062723c751e8b465ee728b)
Start importing Assets/Materials/Verja.mat using Guid(8fd9569e77d3f4349851ab3615a5e9cd) Importer(815301076,1909f56bfc062723c751e8b465ee728b)  -> (artifact id: '9237a6df7ab2d867480323918247adf8') in 0.017802 seconds 
========================================================================
Received Import Request.
  Time since last request: 68.417158 seconds.
  path: Assets/Materials/Verja.mat
  artifactKey: Guid(8fd9569e77d3f4349851ab3615a5e9cd) Importer(815301076,1909f56bfc062723c751e8b465ee728b)
Start importing Assets/Materials/Verja.mat using Guid(8fd9569e77d3f4349851ab3615a5e9cd) Importer(815301076,1909f56bfc062723c751e8b465ee728b)  -> (artifact id: 'cf2a4d0e4064a35f0f6de7115a3b4d4f') in 0.016419 seconds 
========================================================================
Received Import Request.
  Time since last request: 35.150048 seconds.
  path: Assets/Materials/Cuadro.mat
  artifactKey: Guid(b35bcdbf10c432a4ea26b174c5a7bbb9) Importer(815301076,1909f56bfc062723c751e8b465ee728b)
Start importing Assets/Materials/Cuadro.mat using Guid(b35bcdbf10c432a4ea26b174c5a7bbb9) Importer(815301076,1909f56bfc062723c751e8b465ee728b)  -> (artifact id: '54b6cf9dae821ed64af49367626f7973') in 0.018644 seconds 
========================================================================
Received Import Request.
  Time since last request: 36.690384 seconds.
  path: Assets/Materials/Cuadro.mat
  artifactKey: Guid(b35bcdbf10c432a4ea26b174c5a7bbb9) Importer(815301076,1909f56bfc062723c751e8b465ee728b)
Start importing Assets/Materials/Cuadro.mat using Guid(b35bcdbf10c432a4ea26b174c5a7bbb9) Importer(815301076,1909f56bfc062723c751e8b465ee728b)  -> (artifact id: 'd9e62d28ebfdee3c687d27f9266123a1') in 0.016493 seconds 
========================================================================
Received Import Request.
  Time since last request: 126.510079 seconds.
  path: Assets/Materials/Fence.mat
  artifactKey: Guid(8fd9569e77d3f4349851ab3615a5e9cd) Importer(815301076,1909f56bfc062723c751e8b465ee728b)
Start importing Assets/Materials/Fence.mat using Guid(8fd9569e77d3f4349851ab3615a5e9cd) Importer(815301076,1909f56bfc062723c751e8b465ee728b)  -> (artifact id: '547774f19979b5464a91ea5edd90ffa5') in 0.018770 seconds 
========================================================================
Received Import Request.
  Time since last request: 3.618412 seconds.
  path: Assets/Materials/Window.mat
  artifactKey: Guid(a38772e7548f76749b42a530848ccce5) Importer(815301076,1909f56bfc062723c751e8b465ee728b)
Start importing Assets/Materials/Window.mat using Guid(a38772e7548f76749b42a530848ccce5) Importer(815301076,1909f56bfc062723c751e8b465ee728b)  -> (artifact id: '6c900cedc1bfe19c313d2a23bfb7193f') in 0.015381 seconds 
========================================================================
Received Import Request.
  Time since last request: 3.917598 seconds.
  path: Assets/Materials/Tomb.mat
  artifactKey: Guid(b16e7e704ec1d1a49a32baf3e0722ac3) Importer(815301076,1909f56bfc062723c751e8b465ee728b)
Start importing Assets/Materials/Tomb.mat using Guid(b16e7e704ec1d1a49a32baf3e0722ac3) Importer(815301076,1909f56bfc062723c751e8b465ee728b)  -> (artifact id: '8bd24f2025f8f2ce2be4319cf52961ee') in 0.017551 seconds 
========================================================================
Received Import Request.
  Time since last request: 37.003659 seconds.
  path: Assets/Materials/Vine.mat
  artifactKey: Guid(6e640370d3d96804dac6aad93da7a96c) Importer(815301076,1909f56bfc062723c751e8b465ee728b)
Start importing Assets/Materials/Vine.mat using Guid(6e640370d3d96804dac6aad93da7a96c) Importer(815301076,1909f56bfc062723c751e8b465ee728b)  -> (artifact id: 'e64d9533ecd71fb5fc639af081ee9e03') in 0.023143 seconds 
========================================================================
Received Import Request.
  Time since last request: 5.608936 seconds.
  path: Assets/Materials/Painting.mat
  artifactKey: Guid(b35bcdbf10c432a4ea26b174c5a7bbb9) Importer(815301076,1909f56bfc062723c751e8b465ee728b)
Start importing Assets/Materials/Painting.mat using Guid(b35bcdbf10c432a4ea26b174c5a7bbb9) Importer(815301076,1909f56bfc062723c751e8b465ee728b)  -> (artifact id: '986080d296efe1fac87c9c9e9d077f73') in 0.019284 seconds 
========================================================================
Received Import Request.
  Time since last request: 42.242680 seconds.
  path: Assets/Materials/Fence2.mat
  artifactKey: Guid(75d3238b61006174a9aaeb07012ee683) Importer(815301076,1909f56bfc062723c751e8b465ee728b)
Start importing Assets/Materials/Fence2.mat using Guid(75d3238b61006174a9aaeb07012ee683) Importer(815301076,1909f56bfc062723c751e8b465ee728b)  -> (artifact id: '9f31945f2984ce42394c0cf4a49e5f92') in 0.024732 seconds 
========================================================================
Received Import Request.
  Time since last request: 67.539552 seconds.
  path: Assets/Materials/Fence2.mat
  artifactKey: Guid(75d3238b61006174a9aaeb07012ee683) Importer(815301076,1909f56bfc062723c751e8b465ee728b)
Start importing Assets/Materials/Fence2.mat using Guid(75d3238b61006174a9aaeb07012ee683) Importer(815301076,1909f56bfc062723c751e8b465ee728b)  -> (artifact id: '16bde90b4f4a827664b7de856244587e') in 0.025010 seconds 
========================================================================
Received Prepare
Registering precompiled user dll's ...
Registered in 0.007528 seconds.
Begin MonoManager ReloadAssembly
Symbol file LoadedFromMemory doesn't match image C:\Users\Ale\Desktop\3V\IAV\Proyecto Final\MeyerManoir\Library\PackageCache\com.unity.visualscripting@1.7.8\Editor\VisualScripting.Core\Dependencies\YamlDotNet\Unity.VisualScripting.YamlDotNet.dll
Symbol file LoadedFromMemory doesn't match image C:\Users\Ale\Desktop\3V\IAV\Proyecto Final\MeyerManoir\Library\PackageCache\com.unity.visualscripting@1.7.8\Editor\VisualScripting.Core\Dependencies\DotNetZip\Unity.VisualScripting.IonicZip.dll
Native extension for WindowsStandalone target not found
Native extension for Android target not found
Refreshing native plugins compatible for Editor in 0.78 ms, found 3 plugins.
Preloading 0 native plugins for Editor in 0.00 ms.
Mono: successfully reloaded assembly
- Completed reload, in  1.684 seconds
Domain Reload Profiling:
	ReloadAssembly (1687ms)
		BeginReloadAssembly (337ms)
			ExecutionOrderSort (0ms)
			DisableScriptedObjects (15ms)
			BackupInstance (0ms)
			ReleaseScriptingObjects (0ms)
			CreateAndSetChildDomain (130ms)
		EndReloadAssembly (1190ms)
			LoadAssemblies (141ms)
			RebuildTransferFunctionScriptingTraits (0ms)
			SetupTypeCache (421ms)
			ReleaseScriptCaches (2ms)
			RebuildScriptCaches (65ms)
			SetupLoadedEditorAssemblies (514ms)
				LogAssemblyErrors (0ms)
				InitializePlatformSupportModulesInManaged (34ms)
				SetLoadedEditorAssemblies (1ms)
				RefreshPlugins (1ms)
				BeforeProcessingInitializeOnLoad (102ms)
				ProcessInitializeOnLoadAttributes (332ms)
				ProcessInitializeOnLoadMethodAttributes (35ms)
				AfterProcessingInitializeOnLoad (9ms)
				EditorAssembliesLoaded (0ms)
			ExecutionOrderSort2 (0ms)
			AwakeInstancesAfterBackupRestoration (8ms)
Platform modules already initialized, skipping
Refreshing native plugins compatible for Editor in 2.39 ms, found 3 plugins.
Preloading 0 native plugins for Editor in 0.00 ms.
Unloading 3360 Unused Serialized files (Serialized files now loaded: 0)
Unloading 20 unused Assets / (81.2 KB). Loaded Objects now: 3878.
Memory consumption went from 127.5 MB to 127.4 MB.
Total: 5.107900 ms (FindLiveObjects: 0.308800 ms CreateObjectMapping: 0.194300 ms MarkObjects: 4.442200 ms  DeleteObjects: 0.161500 ms)

AssetImportParameters requested are different than current active one (requested -> active):
  custom:video-decoder-ogg-theora: a1e56fd34408186e4bbccfd4996cb3dc -> 
  custom:container-muxer-webm: aa71ff27fc2769a1b78a27578f13a17b -> 
  custom:container-demuxer-webm: 4f35f7cbe854078d1ac9338744f61a02 -> 
  custom:video-encoder-webm-vp8: eb34c28f22e8b96e1ab97ce403110664 -> 
  custom:audio-encoder-webm-vorbis: bf7c407c2cedff20999df2af8eb42d56 -> 
  custom:framework-win-MediaFoundation: 216162199b28c13a410421893ffa2e32 -> 
  custom:container-demuxer-ogg: 62fdf1f143b41e24485cea50d1cbac27 -> 
  custom:video-decoder-webm-vp8: 9c59270c3fd7afecdb556c50c9e8de78 -> 
  custom:audio-decoder-ogg-vorbis: bf7c407c2cedff20999df2af8eb42d56 -> 
========================================================================
Received Prepare
Registering precompiled user dll's ...
Registered in 0.005121 seconds.
Begin MonoManager ReloadAssembly
Symbol file LoadedFromMemory doesn't match image C:\Users\Ale\Desktop\3V\IAV\Proyecto Final\MeyerManoir\Library\PackageCache\com.unity.visualscripting@1.7.8\Editor\VisualScripting.Core\Dependencies\YamlDotNet\Unity.VisualScripting.YamlDotNet.dll
Symbol file LoadedFromMemory doesn't match image C:\Users\Ale\Desktop\3V\IAV\Proyecto Final\MeyerManoir\Library\PackageCache\com.unity.visualscripting@1.7.8\Editor\VisualScripting.Core\Dependencies\DotNetZip\Unity.VisualScripting.IonicZip.dll
Native extension for WindowsStandalone target not found
Native extension for Android target not found
Refreshing native plugins compatible for Editor in 0.67 ms, found 3 plugins.
Preloading 0 native plugins for Editor in 0.00 ms.
Mono: successfully reloaded assembly
- Completed reload, in  1.141 seconds
Domain Reload Profiling:
	ReloadAssembly (1142ms)
		BeginReloadAssembly (140ms)
			ExecutionOrderSort (0ms)
			DisableScriptedObjects (6ms)
			BackupInstance (0ms)
			ReleaseScriptingObjects (0ms)
			CreateAndSetChildDomain (36ms)
		EndReloadAssembly (901ms)
			LoadAssemblies (92ms)
			RebuildTransferFunctionScriptingTraits (0ms)
			SetupTypeCache (294ms)
			ReleaseScriptCaches (2ms)
			RebuildScriptCaches (51ms)
			SetupLoadedEditorAssemblies (411ms)
				LogAssemblyErrors (0ms)
				InitializePlatformSupportModulesInManaged (26ms)
				SetLoadedEditorAssemblies (0ms)
				RefreshPlugins (1ms)
				BeforeProcessingInitializeOnLoad (77ms)
				ProcessInitializeOnLoadAttributes (273ms)
				ProcessInitializeOnLoadMethodAttributes (28ms)
				AfterProcessingInitializeOnLoad (7ms)
				EditorAssembliesLoaded (0ms)
			ExecutionOrderSort2 (0ms)
			AwakeInstancesAfterBackupRestoration (6ms)
Platform modules already initialized, skipping
Refreshing native plugins compatible for Editor in 2.58 ms, found 3 plugins.
Preloading 0 native plugins for Editor in 0.00 ms.
Unloading 3360 Unused Serialized files (Serialized files now loaded: 0)
Unloading 20 unused Assets / (81.3 KB). Loaded Objects now: 3881.
Memory consumption went from 127.6 MB to 127.5 MB.
Total: 2.656300 ms (FindLiveObjects: 0.249700 ms CreateObjectMapping: 0.167300 ms MarkObjects: 2.150800 ms  DeleteObjects: 0.087700 ms)

AssetImportParameters requested are different than current active one (requested -> active):
  custom:video-decoder-ogg-theora: a1e56fd34408186e4bbccfd4996cb3dc -> 
  custom:container-muxer-webm: aa71ff27fc2769a1b78a27578f13a17b -> 
  custom:container-demuxer-webm: 4f35f7cbe854078d1ac9338744f61a02 -> 
  custom:video-encoder-webm-vp8: eb34c28f22e8b96e1ab97ce403110664 -> 
  custom:audio-encoder-webm-vorbis: bf7c407c2cedff20999df2af8eb42d56 -> 
  custom:framework-win-MediaFoundation: 216162199b28c13a410421893ffa2e32 -> 
  custom:container-demuxer-ogg: 62fdf1f143b41e24485cea50d1cbac27 -> 
  custom:video-decoder-webm-vp8: 9c59270c3fd7afecdb556c50c9e8de78 -> 
  custom:audio-decoder-ogg-vorbis: bf7c407c2cedff20999df2af8eb42d56 -> 
========================================================================
Received Import Request.
  Time since last request: 2396.185963 seconds.
  path: Assets/mansion.fbx
  artifactKey: Guid(6eb595dc32da07d42aa3fa7ff0059d8c) Importer(815301076,1909f56bfc062723c751e8b465ee728b)
Start importing Assets/mansion.fbx using Guid(6eb595dc32da07d42aa3fa7ff0059d8c) Importer(815301076,1909f56bfc062723c751e8b465ee728b)  -> (artifact id: 'dd2fe52786d764f47ca6610691f5de12') in 0.402651 seconds 
========================================================================
Received Import Request.
  Time since last request: 8.605561 seconds.
  path: Assets/Scripts
  artifactKey: Guid(5a803a4ede0c925459d2fdedc07394cb) Importer(815301076,1909f56bfc062723c751e8b465ee728b)
Start importing Assets/Scripts using Guid(5a803a4ede0c925459d2fdedc07394cb) Importer(815301076,1909f56bfc062723c751e8b465ee728b)  -> (artifact id: '50a32e0da29beeea20f87c05d67104ef') in 0.007634 seconds 
========================================================================
Received Import Request.
  Time since last request: 7.697494 seconds.
  path: Assets/Scripts/Camera.cs
  artifactKey: Guid(3e51f5996c3ddd2408b69d7fa45113e5) Importer(815301076,1909f56bfc062723c751e8b465ee728b)
Start importing Assets/Scripts/Camera.cs using Guid(3e51f5996c3ddd2408b69d7fa45113e5) Importer(815301076,1909f56bfc062723c751e8b465ee728b)  -> (artifact id: '7851f2e66a2807cf36937eead9554511') in 0.010487 seconds 
========================================================================
Received Import Request.
  Time since last request: 9.424529 seconds.
  path: Assets/Scripts/Camera.cs
  artifactKey: Guid(3e51f5996c3ddd2408b69d7fa45113e5) Importer(815301076,1909f56bfc062723c751e8b465ee728b)
Start importing Assets/Scripts/Camera.cs using Guid(3e51f5996c3ddd2408b69d7fa45113e5) Importer(815301076,1909f56bfc062723c751e8b465ee728b)  -> (artifact id: '3008402dcba3f4072bc8d54e7c1ed7d8') in 0.001895 seconds 
========================================================================
Received Import Request.
  Time since last request: 5.215784 seconds.
  path: Assets/Scripts/Camera.cs
  artifactKey: Guid(3e51f5996c3ddd2408b69d7fa45113e5) Importer(815301076,1909f56bfc062723c751e8b465ee728b)
Start importing Assets/Scripts/Camera.cs using Guid(3e51f5996c3ddd2408b69d7fa45113e5) Importer(815301076,1909f56bfc062723c751e8b465ee728b)  -> (artifact id: '215a57cbb9a409f1b54acac780bdc283') in 0.002130 seconds 
========================================================================
Received Import Request.
  Time since last request: 4.887472 seconds.
  path: Assets/Scripts/Camera.cs
  artifactKey: Guid(3e51f5996c3ddd2408b69d7fa45113e5) Importer(815301076,1909f56bfc062723c751e8b465ee728b)
Start importing Assets/Scripts/Camera.cs using Guid(3e51f5996c3ddd2408b69d7fa45113e5) Importer(815301076,1909f56bfc062723c751e8b465ee728b)  -> (artifact id: '8911bc1150b38ee4bc6696151ed66a16') in 0.002278 seconds 
========================================================================
Received Prepare
Registering precompiled user dll's ...
Registered in 0.005042 seconds.
Begin MonoManager ReloadAssembly
Symbol file LoadedFromMemory doesn't match image C:\Users\Ale\Desktop\3V\IAV\Proyecto Final\MeyerManoir\Library\PackageCache\com.unity.visualscripting@1.7.8\Editor\VisualScripting.Core\Dependencies\YamlDotNet\Unity.VisualScripting.YamlDotNet.dll
Symbol file LoadedFromMemory doesn't match image C:\Users\Ale\Desktop\3V\IAV\Proyecto Final\MeyerManoir\Library\PackageCache\com.unity.visualscripting@1.7.8\Editor\VisualScripting.Core\Dependencies\DotNetZip\Unity.VisualScripting.IonicZip.dll
Native extension for WindowsStandalone target not found
Native extension for Android target not found
Refreshing native plugins compatible for Editor in 0.46 ms, found 3 plugins.
Preloading 0 native plugins for Editor in 0.00 ms.
Mono: successfully reloaded assembly
- Completed reload, in  1.065 seconds
Domain Reload Profiling:
	ReloadAssembly (1065ms)
		BeginReloadAssembly (136ms)
			ExecutionOrderSort (0ms)
			DisableScriptedObjects (5ms)
			BackupInstance (0ms)
			ReleaseScriptingObjects (0ms)
			CreateAndSetChildDomain (40ms)
		EndReloadAssembly (832ms)
			LoadAssemblies (88ms)
			RebuildTransferFunctionScriptingTraits (0ms)
			SetupTypeCache (245ms)
			ReleaseScriptCaches (1ms)
			RebuildScriptCaches (41ms)
			SetupLoadedEditorAssemblies (424ms)
				LogAssemblyErrors (0ms)
				InitializePlatformSupportModulesInManaged (19ms)
				SetLoadedEditorAssemblies (0ms)
				RefreshPlugins (1ms)
				BeforeProcessingInitializeOnLoad (67ms)
				ProcessInitializeOnLoadAttributes (307ms)
				ProcessInitializeOnLoadMethodAttributes (24ms)
				AfterProcessingInitializeOnLoad (5ms)
				EditorAssembliesLoaded (0ms)
			ExecutionOrderSort2 (0ms)
			AwakeInstancesAfterBackupRestoration (6ms)
Platform modules already initialized, skipping
Refreshing native plugins compatible for Editor in 1.67 ms, found 3 plugins.
Preloading 0 native plugins for Editor in 0.00 ms.
Unloading 3361 Unused Serialized files (Serialized files now loaded: 0)
Unloading 20 unused Assets / (81.1 KB). Loaded Objects now: 3888.
Memory consumption went from 127.8 MB to 127.7 MB.
Total: 2.740500 ms (FindLiveObjects: 0.222400 ms CreateObjectMapping: 0.144400 ms MarkObjects: 2.285400 ms  DeleteObjects: 0.087400 ms)

AssetImportParameters requested are different than current active one (requested -> active):
  custom:video-decoder-ogg-theora: a1e56fd34408186e4bbccfd4996cb3dc -> 
  custom:container-muxer-webm: aa71ff27fc2769a1b78a27578f13a17b -> 
  custom:container-demuxer-webm: 4f35f7cbe854078d1ac9338744f61a02 -> 
  custom:video-encoder-webm-vp8: eb34c28f22e8b96e1ab97ce403110664 -> 
  custom:audio-encoder-webm-vorbis: bf7c407c2cedff20999df2af8eb42d56 -> 
  custom:framework-win-MediaFoundation: 216162199b28c13a410421893ffa2e32 -> 
  custom:container-demuxer-ogg: 62fdf1f143b41e24485cea50d1cbac27 -> 
  custom:video-decoder-webm-vp8: 9c59270c3fd7afecdb556c50c9e8de78 -> 
  custom:audio-decoder-ogg-vorbis: bf7c407c2cedff20999df2af8eb42d56 -> 
========================================================================
Received Import Request.
  Time since last request: 41.095134 seconds.
  path: Assets/Scripts/Camera.cs
  artifactKey: Guid(3e51f5996c3ddd2408b69d7fa45113e5) Importer(815301076,1909f56bfc062723c751e8b465ee728b)
Start importing Assets/Scripts/Camera.cs using Guid(3e51f5996c3ddd2408b69d7fa45113e5) Importer(815301076,1909f56bfc062723c751e8b465ee728b)  -> (artifact id: 'b629e97c149e26b1511dff2a3aacb933') in 0.006287 seconds 
========================================================================
Received Import Request.
  Time since last request: 55.473213 seconds.
  path: Assets/Scripts/CameraManager.cs
  artifactKey: Guid(3e51f5996c3ddd2408b69d7fa45113e5) Importer(815301076,1909f56bfc062723c751e8b465ee728b)
Start importing Assets/Scripts/CameraManager.cs using Guid(3e51f5996c3ddd2408b69d7fa45113e5) Importer(815301076,1909f56bfc062723c751e8b465ee728b)  -> (artifact id: 'fdf8abaed902a7442171a3a924e09f3b') in 0.002891 seconds 
========================================================================
Received Import Request.
  Time since last request: 37.757585 seconds.
  path: Assets/Scripts/CameraMovement.cs
  artifactKey: Guid(3e51f5996c3ddd2408b69d7fa45113e5) Importer(815301076,1909f56bfc062723c751e8b465ee728b)
Start importing Assets/Scripts/CameraMovement.cs using Guid(3e51f5996c3ddd2408b69d7fa45113e5) Importer(815301076,1909f56bfc062723c751e8b465ee728b)  -> (artifact id: '0823c63c83b9208752aac077fb4f8b57') in 0.008402 seconds 
========================================================================
Received Prepare
Registering precompiled user dll's ...
Registered in 0.004568 seconds.
Begin MonoManager ReloadAssembly
Symbol file LoadedFromMemory doesn't match image C:\Users\Ale\Desktop\3V\IAV\Proyecto Final\MeyerManoir\Library\PackageCache\com.unity.visualscripting@1.7.8\Editor\VisualScripting.Core\Dependencies\YamlDotNet\Unity.VisualScripting.YamlDotNet.dll
Symbol file LoadedFromMemory doesn't match image C:\Users\Ale\Desktop\3V\IAV\Proyecto Final\MeyerManoir\Library\PackageCache\com.unity.visualscripting@1.7.8\Editor\VisualScripting.Core\Dependencies\DotNetZip\Unity.VisualScripting.IonicZip.dll
Native extension for WindowsStandalone target not found
Native extension for Android target not found
Refreshing native plugins compatible for Editor in 0.60 ms, found 3 plugins.
Preloading 0 native plugins for Editor in 0.00 ms.
Mono: successfully reloaded assembly
- Completed reload, in  1.259 seconds
Domain Reload Profiling:
	ReloadAssembly (1260ms)
		BeginReloadAssembly (157ms)
			ExecutionOrderSort (0ms)
			DisableScriptedObjects (6ms)
			BackupInstance (0ms)
			ReleaseScriptingObjects (0ms)
			CreateAndSetChildDomain (41ms)
		EndReloadAssembly (973ms)
			LoadAssemblies (105ms)
			RebuildTransferFunctionScriptingTraits (0ms)
			SetupTypeCache (472ms)
			ReleaseScriptCaches (2ms)
			RebuildScriptCaches (43ms)
			SetupLoadedEditorAssemblies (328ms)
				LogAssemblyErrors (0ms)
				InitializePlatformSupportModulesInManaged (21ms)
				SetLoadedEditorAssemblies (0ms)
				RefreshPlugins (1ms)
				BeforeProcessingInitializeOnLoad (66ms)
				ProcessInitializeOnLoadAttributes (209ms)
				ProcessInitializeOnLoadMethodAttributes (23ms)
				AfterProcessingInitializeOnLoad (7ms)
				EditorAssembliesLoaded (0ms)
			ExecutionOrderSort2 (0ms)
			AwakeInstancesAfterBackupRestoration (5ms)
Platform modules already initialized, skipping
Refreshing native plugins compatible for Editor in 2.86 ms, found 3 plugins.
Preloading 0 native plugins for Editor in 0.00 ms.
Unloading 3360 Unused Serialized files (Serialized files now loaded: 0)
Unloading 21 unused Assets / (80.8 KB). Loaded Objects now: 3890.
Memory consumption went from 127.8 MB to 127.7 MB.
Total: 2.806000 ms (FindLiveObjects: 0.232900 ms CreateObjectMapping: 0.147200 ms MarkObjects: 2.341700 ms  DeleteObjects: 0.083000 ms)

AssetImportParameters requested are different than current active one (requested -> active):
  custom:video-decoder-ogg-theora: a1e56fd34408186e4bbccfd4996cb3dc -> 
  custom:container-muxer-webm: aa71ff27fc2769a1b78a27578f13a17b -> 
  custom:container-demuxer-webm: 4f35f7cbe854078d1ac9338744f61a02 -> 
  custom:video-encoder-webm-vp8: eb34c28f22e8b96e1ab97ce403110664 -> 
  custom:audio-encoder-webm-vorbis: bf7c407c2cedff20999df2af8eb42d56 -> 
  custom:framework-win-MediaFoundation: 216162199b28c13a410421893ffa2e32 -> 
  custom:container-demuxer-ogg: 62fdf1f143b41e24485cea50d1cbac27 -> 
  custom:video-decoder-webm-vp8: 9c59270c3fd7afecdb556c50c9e8de78 -> 
  custom:audio-decoder-ogg-vorbis: bf7c407c2cedff20999df2af8eb42d56 -> 
========================================================================
Received Import Request.
  Time since last request: 100.908694 seconds.
  path: Assets/Scripts/CameraManager.cs
  artifactKey: Guid(d7d6f2b0ce5849441a40892f9ef01803) Importer(815301076,1909f56bfc062723c751e8b465ee728b)
Start importing Assets/Scripts/CameraManager.cs using Guid(d7d6f2b0ce5849441a40892f9ef01803) Importer(815301076,1909f56bfc062723c751e8b465ee728b)  -> (artifact id: '97cd57a698c072cffc34c7c747eee069') in 0.006267 seconds 
========================================================================
Received Prepare
Registering precompiled user dll's ...
Registered in 0.007246 seconds.
Begin MonoManager ReloadAssembly
Symbol file LoadedFromMemory doesn't match image C:\Users\Ale\Desktop\3V\IAV\Proyecto Final\MeyerManoir\Library\PackageCache\com.unity.visualscripting@1.7.8\Editor\VisualScripting.Core\Dependencies\YamlDotNet\Unity.VisualScripting.YamlDotNet.dll
Symbol file LoadedFromMemory doesn't match image C:\Users\Ale\Desktop\3V\IAV\Proyecto Final\MeyerManoir\Library\PackageCache\com.unity.visualscripting@1.7.8\Editor\VisualScripting.Core\Dependencies\DotNetZip\Unity.VisualScripting.IonicZip.dll
Native extension for WindowsStandalone target not found
Native extension for Android target not found
Refreshing native plugins compatible for Editor in 0.69 ms, found 3 plugins.
Preloading 0 native plugins for Editor in 0.00 ms.
Mono: successfully reloaded assembly
- Completed reload, in  1.043 seconds
Domain Reload Profiling:
	ReloadAssembly (1043ms)
		BeginReloadAssembly (133ms)
			ExecutionOrderSort (0ms)
			DisableScriptedObjects (6ms)
			BackupInstance (0ms)
			ReleaseScriptingObjects (0ms)
			CreateAndSetChildDomain (35ms)
		EndReloadAssembly (813ms)
			LoadAssemblies (91ms)
			RebuildTransferFunctionScriptingTraits (0ms)
			SetupTypeCache (272ms)
			ReleaseScriptCaches (1ms)
			RebuildScriptCaches (40ms)
			SetupLoadedEditorAssemblies (365ms)
				LogAssemblyErrors (0ms)
				InitializePlatformSupportModulesInManaged (24ms)
				SetLoadedEditorAssemblies (0ms)
				RefreshPlugins (1ms)
				BeforeProcessingInitializeOnLoad (84ms)
				ProcessInitializeOnLoadAttributes (227ms)
				ProcessInitializeOnLoadMethodAttributes (23ms)
				AfterProcessingInitializeOnLoad (5ms)
				EditorAssembliesLoaded (0ms)
			ExecutionOrderSort2 (0ms)
			AwakeInstancesAfterBackupRestoration (6ms)
Platform modules already initialized, skipping
Refreshing native plugins compatible for Editor in 1.67 ms, found 3 plugins.
Preloading 0 native plugins for Editor in 0.00 ms.
Unloading 3361 Unused Serialized files (Serialized files now loaded: 0)
Unloading 20 unused Assets / (80.8 KB). Loaded Objects now: 3894.
Memory consumption went from 127.8 MB to 127.7 MB.
Total: 2.468700 ms (FindLiveObjects: 0.231100 ms CreateObjectMapping: 0.146300 ms MarkObjects: 2.009000 ms  DeleteObjects: 0.081500 ms)

AssetImportParameters requested are different than current active one (requested -> active):
  custom:video-decoder-ogg-theora: a1e56fd34408186e4bbccfd4996cb3dc -> 
  custom:container-muxer-webm: aa71ff27fc2769a1b78a27578f13a17b -> 
  custom:container-demuxer-webm: 4f35f7cbe854078d1ac9338744f61a02 -> 
  custom:video-encoder-webm-vp8: eb34c28f22e8b96e1ab97ce403110664 -> 
  custom:audio-encoder-webm-vorbis: bf7c407c2cedff20999df2af8eb42d56 -> 
  custom:framework-win-MediaFoundation: 216162199b28c13a410421893ffa2e32 -> 
  custom:container-demuxer-ogg: 62fdf1f143b41e24485cea50d1cbac27 -> 
  custom:video-decoder-webm-vp8: 9c59270c3fd7afecdb556c50c9e8de78 -> 
  custom:audio-decoder-ogg-vorbis: bf7c407c2cedff20999df2af8eb42d56 -> 
========================================================================
Received Import Request.
  Time since last request: 128.994482 seconds.
  path: Assets/Scripts/CameraManager.cs
  artifactKey: Guid(d7d6f2b0ce5849441a40892f9ef01803) Importer(815301076,1909f56bfc062723c751e8b465ee728b)
Start importing Assets/Scripts/CameraManager.cs using Guid(d7d6f2b0ce5849441a40892f9ef01803) Importer(815301076,1909f56bfc062723c751e8b465ee728b)  -> (artifact id: '2b93588b6378435e517a54d265a1dedb') in 0.009371 seconds 
========================================================================
Received Prepare
Registering precompiled user dll's ...
Registered in 0.004592 seconds.
Begin MonoManager ReloadAssembly
Symbol file LoadedFromMemory doesn't match image C:\Users\Ale\Desktop\3V\IAV\Proyecto Final\MeyerManoir\Library\PackageCache\com.unity.visualscripting@1.7.8\Editor\VisualScripting.Core\Dependencies\YamlDotNet\Unity.VisualScripting.YamlDotNet.dll
Symbol file LoadedFromMemory doesn't match image C:\Users\Ale\Desktop\3V\IAV\Proyecto Final\MeyerManoir\Library\PackageCache\com.unity.visualscripting@1.7.8\Editor\VisualScripting.Core\Dependencies\DotNetZip\Unity.VisualScripting.IonicZip.dll
Native extension for WindowsStandalone target not found
Native extension for Android target not found
Refreshing native plugins compatible for Editor in 0.57 ms, found 3 plugins.
Preloading 0 native plugins for Editor in 0.00 ms.
Mono: successfully reloaded assembly
- Completed reload, in  1.053 seconds
Domain Reload Profiling:
	ReloadAssembly (1054ms)
		BeginReloadAssembly (144ms)
			ExecutionOrderSort (0ms)
			DisableScriptedObjects (6ms)
			BackupInstance (0ms)
			ReleaseScriptingObjects (0ms)
			CreateAndSetChildDomain (42ms)
		EndReloadAssembly (795ms)
			LoadAssemblies (86ms)
			RebuildTransferFunctionScriptingTraits (0ms)
			SetupTypeCache (281ms)
			ReleaseScriptCaches (1ms)
			RebuildScriptCaches (40ms)
			SetupLoadedEditorAssemblies (356ms)
				LogAssemblyErrors (0ms)
				InitializePlatformSupportModulesInManaged (19ms)
				SetLoadedEditorAssemblies (0ms)
				RefreshPlugins (1ms)
				BeforeProcessingInitializeOnLoad (76ms)
				ProcessInitializeOnLoadAttributes (230ms)
				ProcessInitializeOnLoadMethodAttributes (24ms)
				AfterProcessingInitializeOnLoad (6ms)
				EditorAssembliesLoaded (0ms)
			ExecutionOrderSort2 (0ms)
			AwakeInstancesAfterBackupRestoration (5ms)
Platform modules already initialized, skipping
Refreshing native plugins compatible for Editor in 1.72 ms, found 3 plugins.
Preloading 0 native plugins for Editor in 0.00 ms.
Unloading 3361 Unused Serialized files (Serialized files now loaded: 0)
Unloading 20 unused Assets / (80.7 KB). Loaded Objects now: 3897.
Memory consumption went from 127.7 MB to 127.6 MB.
Total: 2.856600 ms (FindLiveObjects: 0.247800 ms CreateObjectMapping: 0.167900 ms MarkObjects: 2.349200 ms  DeleteObjects: 0.090800 ms)

AssetImportParameters requested are different than current active one (requested -> active):
  custom:video-decoder-ogg-theora: a1e56fd34408186e4bbccfd4996cb3dc -> 
  custom:container-muxer-webm: aa71ff27fc2769a1b78a27578f13a17b -> 
  custom:container-demuxer-webm: 4f35f7cbe854078d1ac9338744f61a02 -> 
  custom:video-encoder-webm-vp8: eb34c28f22e8b96e1ab97ce403110664 -> 
  custom:audio-encoder-webm-vorbis: bf7c407c2cedff20999df2af8eb42d56 -> 
  custom:framework-win-MediaFoundation: 216162199b28c13a410421893ffa2e32 -> 
  custom:container-demuxer-ogg: 62fdf1f143b41e24485cea50d1cbac27 -> 
  custom:video-decoder-webm-vp8: 9c59270c3fd7afecdb556c50c9e8de78 -> 
  custom:audio-decoder-ogg-vorbis: bf7c407c2cedff20999df2af8eb42d56 -> 
========================================================================
Received Prepare
Registering precompiled user dll's ...
Registered in 0.006288 seconds.
Begin MonoManager ReloadAssembly
Symbol file LoadedFromMemory doesn't match image C:\Users\Ale\Desktop\3V\IAV\Proyecto Final\MeyerManoir\Library\PackageCache\com.unity.visualscripting@1.7.8\Editor\VisualScripting.Core\Dependencies\YamlDotNet\Unity.VisualScripting.YamlDotNet.dll
Symbol file LoadedFromMemory doesn't match image C:\Users\Ale\Desktop\3V\IAV\Proyecto Final\MeyerManoir\Library\PackageCache\com.unity.visualscripting@1.7.8\Editor\VisualScripting.Core\Dependencies\DotNetZip\Unity.VisualScripting.IonicZip.dll
Native extension for WindowsStandalone target not found
Native extension for Android target not found
Refreshing native plugins compatible for Editor in 0.98 ms, found 3 plugins.
Preloading 0 native plugins for Editor in 0.00 ms.
Mono: successfully reloaded assembly
- Completed reload, in  1.128 seconds
Domain Reload Profiling:
	ReloadAssembly (1129ms)
		BeginReloadAssembly (128ms)
			ExecutionOrderSort (0ms)
			DisableScriptedObjects (6ms)
			BackupInstance (0ms)
			ReleaseScriptingObjects (0ms)
			CreateAndSetChildDomain (34ms)
		EndReloadAssembly (907ms)
			LoadAssemblies (76ms)
			RebuildTransferFunctionScriptingTraits (0ms)
			SetupTypeCache (321ms)
			ReleaseScriptCaches (2ms)
			RebuildScriptCaches (49ms)
			SetupLoadedEditorAssemblies (398ms)
				LogAssemblyErrors (0ms)
				InitializePlatformSupportModulesInManaged (25ms)
				SetLoadedEditorAssemblies (0ms)
				RefreshPlugins (1ms)
				BeforeProcessingInitializeOnLoad (79ms)
				ProcessInitializeOnLoadAttributes (258ms)
				ProcessInitializeOnLoadMethodAttributes (28ms)
				AfterProcessingInitializeOnLoad (7ms)
				EditorAssembliesLoaded (0ms)
			ExecutionOrderSort2 (0ms)
			AwakeInstancesAfterBackupRestoration (6ms)
Platform modules already initialized, skipping
Refreshing native plugins compatible for Editor in 2.03 ms, found 3 plugins.
Preloading 0 native plugins for Editor in 0.00 ms.
Unloading 3361 Unused Serialized files (Serialized files now loaded: 0)
Unloading 20 unused Assets / (80.8 KB). Loaded Objects now: 3900.
Memory consumption went from 127.7 MB to 127.6 MB.
Total: 2.610000 ms (FindLiveObjects: 0.250200 ms CreateObjectMapping: 0.163800 ms MarkObjects: 2.114400 ms  DeleteObjects: 0.080800 ms)

AssetImportParameters requested are different than current active one (requested -> active):
  custom:video-decoder-ogg-theora: a1e56fd34408186e4bbccfd4996cb3dc -> 
  custom:container-muxer-webm: aa71ff27fc2769a1b78a27578f13a17b -> 
  custom:container-demuxer-webm: 4f35f7cbe854078d1ac9338744f61a02 -> 
  custom:video-encoder-webm-vp8: eb34c28f22e8b96e1ab97ce403110664 -> 
  custom:audio-encoder-webm-vorbis: bf7c407c2cedff20999df2af8eb42d56 -> 
  custom:framework-win-MediaFoundation: 216162199b28c13a410421893ffa2e32 -> 
  custom:container-demuxer-ogg: 62fdf1f143b41e24485cea50d1cbac27 -> 
  custom:video-decoder-webm-vp8: 9c59270c3fd7afecdb556c50c9e8de78 -> 
  custom:audio-decoder-ogg-vorbis: bf7c407c2cedff20999df2af8eb42d56 -> 
========================================================================
Received Prepare
Registering precompiled user dll's ...
Registered in 0.004531 seconds.
Begin MonoManager ReloadAssembly
Symbol file LoadedFromMemory doesn't match image C:\Users\Ale\Desktop\3V\IAV\Proyecto Final\MeyerManoir\Library\PackageCache\com.unity.visualscripting@1.7.8\Editor\VisualScripting.Core\Dependencies\YamlDotNet\Unity.VisualScripting.YamlDotNet.dll
Symbol file LoadedFromMemory doesn't match image C:\Users\Ale\Desktop\3V\IAV\Proyecto Final\MeyerManoir\Library\PackageCache\com.unity.visualscripting@1.7.8\Editor\VisualScripting.Core\Dependencies\DotNetZip\Unity.VisualScripting.IonicZip.dll
Native extension for WindowsStandalone target not found
Native extension for Android target not found
Refreshing native plugins compatible for Editor in 0.62 ms, found 3 plugins.
Preloading 0 native plugins for Editor in 0.00 ms.
Mono: successfully reloaded assembly
- Completed reload, in  1.173 seconds
Domain Reload Profiling:
	ReloadAssembly (1174ms)
		BeginReloadAssembly (124ms)
			ExecutionOrderSort (0ms)
			DisableScriptedObjects (6ms)
			BackupInstance (0ms)
			ReleaseScriptingObjects (0ms)
			CreateAndSetChildDomain (33ms)
		EndReloadAssembly (954ms)
			LoadAssemblies (81ms)
			RebuildTransferFunctionScriptingTraits (0ms)
			SetupTypeCache (353ms)
			ReleaseScriptCaches (2ms)
			RebuildScriptCaches (63ms)
			SetupLoadedEditorAssemblies (380ms)
				LogAssemblyErrors (0ms)
				InitializePlatformSupportModulesInManaged (25ms)
				SetLoadedEditorAssemblies (1ms)
				RefreshPlugins (1ms)
				BeforeProcessingInitializeOnLoad (76ms)
				ProcessInitializeOnLoadAttributes (242ms)
				ProcessInitializeOnLoadMethodAttributes (30ms)
				AfterProcessingInitializeOnLoad (6ms)
				EditorAssembliesLoaded (0ms)
			ExecutionOrderSort2 (0ms)
			AwakeInstancesAfterBackupRestoration (6ms)
Platform modules already initialized, skipping
Refreshing native plugins compatible for Editor in 2.18 ms, found 3 plugins.
Preloading 0 native plugins for Editor in 0.00 ms.
Unloading 3361 Unused Serialized files (Serialized files now loaded: 0)
Unloading 20 unused Assets / (80.7 KB). Loaded Objects now: 3903.
Memory consumption went from 127.8 MB to 127.8 MB.
Total: 2.566300 ms (FindLiveObjects: 0.249500 ms CreateObjectMapping: 0.159300 ms MarkObjects: 2.075500 ms  DeleteObjects: 0.081000 ms)

AssetImportParameters requested are different than current active one (requested -> active):
  custom:video-decoder-ogg-theora: a1e56fd34408186e4bbccfd4996cb3dc -> 
  custom:container-muxer-webm: aa71ff27fc2769a1b78a27578f13a17b -> 
  custom:container-demuxer-webm: 4f35f7cbe854078d1ac9338744f61a02 -> 
  custom:video-encoder-webm-vp8: eb34c28f22e8b96e1ab97ce403110664 -> 
  custom:audio-encoder-webm-vorbis: bf7c407c2cedff20999df2af8eb42d56 -> 
  custom:framework-win-MediaFoundation: 216162199b28c13a410421893ffa2e32 -> 
  custom:container-demuxer-ogg: 62fdf1f143b41e24485cea50d1cbac27 -> 
  custom:video-decoder-webm-vp8: 9c59270c3fd7afecdb556c50c9e8de78 -> 
  custom:audio-decoder-ogg-vorbis: bf7c407c2cedff20999df2af8eb42d56 -> 
========================================================================
Received Prepare
Registering precompiled user dll's ...
Registered in 0.005411 seconds.
Begin MonoManager ReloadAssembly
Symbol file LoadedFromMemory doesn't match image C:\Users\Ale\Desktop\3V\IAV\Proyecto Final\MeyerManoir\Library\PackageCache\com.unity.visualscripting@1.7.8\Editor\VisualScripting.Core\Dependencies\YamlDotNet\Unity.VisualScripting.YamlDotNet.dll
Symbol file LoadedFromMemory doesn't match image C:\Users\Ale\Desktop\3V\IAV\Proyecto Final\MeyerManoir\Library\PackageCache\com.unity.visualscripting@1.7.8\Editor\VisualScripting.Core\Dependencies\DotNetZip\Unity.VisualScripting.IonicZip.dll
Native extension for WindowsStandalone target not found
Native extension for Android target not found
Refreshing native plugins compatible for Editor in 1.23 ms, found 3 plugins.
Preloading 0 native plugins for Editor in 0.00 ms.
Mono: successfully reloaded assembly
- Completed reload, in  1.220 seconds
Domain Reload Profiling:
	ReloadAssembly (1220ms)
		BeginReloadAssembly (122ms)
			ExecutionOrderSort (0ms)
			DisableScriptedObjects (6ms)
			BackupInstance (0ms)
			ReleaseScriptingObjects (0ms)
			CreateAndSetChildDomain (33ms)
		EndReloadAssembly (1000ms)
			LoadAssemblies (73ms)
			RebuildTransferFunctionScriptingTraits (0ms)
			SetupTypeCache (412ms)
			ReleaseScriptCaches (1ms)
			RebuildScriptCaches (46ms)
			SetupLoadedEditorAssemblies (411ms)
				LogAssemblyErrors (0ms)
				InitializePlatformSupportModulesInManaged (22ms)
				SetLoadedEditorAssemblies (1ms)
				RefreshPlugins (1ms)
				BeforeProcessingInitializeOnLoad (88ms)
				ProcessInitializeOnLoadAttributes (269ms)
				ProcessInitializeOnLoadMethodAttributes (25ms)
				AfterProcessingInitializeOnLoad (6ms)
				EditorAssembliesLoaded (0ms)
			ExecutionOrderSort2 (0ms)
			AwakeInstancesAfterBackupRestoration (6ms)
Platform modules already initialized, skipping
Refreshing native plugins compatible for Editor in 1.66 ms, found 3 plugins.
Preloading 0 native plugins for Editor in 0.00 ms.
Unloading 3361 Unused Serialized files (Serialized files now loaded: 0)
Unloading 20 unused Assets / (80.8 KB). Loaded Objects now: 3906.
Memory consumption went from 127.8 MB to 127.8 MB.
Total: 2.938300 ms (FindLiveObjects: 0.267700 ms CreateObjectMapping: 0.238400 ms MarkObjects: 2.325600 ms  DeleteObjects: 0.105500 ms)

AssetImportParameters requested are different than current active one (requested -> active):
  custom:video-decoder-ogg-theora: a1e56fd34408186e4bbccfd4996cb3dc -> 
  custom:container-muxer-webm: aa71ff27fc2769a1b78a27578f13a17b -> 
  custom:container-demuxer-webm: 4f35f7cbe854078d1ac9338744f61a02 -> 
  custom:video-encoder-webm-vp8: eb34c28f22e8b96e1ab97ce403110664 -> 
  custom:audio-encoder-webm-vorbis: bf7c407c2cedff20999df2af8eb42d56 -> 
  custom:framework-win-MediaFoundation: 216162199b28c13a410421893ffa2e32 -> 
  custom:container-demuxer-ogg: 62fdf1f143b41e24485cea50d1cbac27 -> 
  custom:video-decoder-webm-vp8: 9c59270c3fd7afecdb556c50c9e8de78 -> 
  custom:audio-decoder-ogg-vorbis: bf7c407c2cedff20999df2af8eb42d56 -> 
========================================================================
Received Prepare
Registering precompiled user dll's ...
Registered in 0.006144 seconds.
Begin MonoManager ReloadAssembly
Symbol file LoadedFromMemory doesn't match image C:\Users\Ale\Desktop\3V\IAV\Proyecto Final\MeyerManoir\Library\PackageCache\com.unity.visualscripting@1.7.8\Editor\VisualScripting.Core\Dependencies\YamlDotNet\Unity.VisualScripting.YamlDotNet.dll
Symbol file LoadedFromMemory doesn't match image C:\Users\Ale\Desktop\3V\IAV\Proyecto Final\MeyerManoir\Library\PackageCache\com.unity.visualscripting@1.7.8\Editor\VisualScripting.Core\Dependencies\DotNetZip\Unity.VisualScripting.IonicZip.dll
Native extension for WindowsStandalone target not found
Native extension for Android target not found
Refreshing native plugins compatible for Editor in 0.62 ms, found 3 plugins.
Preloading 0 native plugins for Editor in 0.00 ms.
Mono: successfully reloaded assembly
- Completed reload, in  1.229 seconds
Domain Reload Profiling:
	ReloadAssembly (1230ms)
		BeginReloadAssembly (133ms)
			ExecutionOrderSort (0ms)
			DisableScriptedObjects (6ms)
			BackupInstance (0ms)
			ReleaseScriptingObjects (0ms)
			CreateAndSetChildDomain (37ms)
		EndReloadAssembly (1005ms)
			LoadAssemblies (81ms)
			RebuildTransferFunctionScriptingTraits (0ms)
			SetupTypeCache (330ms)
			ReleaseScriptCaches (1ms)
			RebuildScriptCaches (51ms)
			SetupLoadedEditorAssemblies (420ms)
				LogAssemblyErrors (0ms)
				InitializePlatformSupportModulesInManaged (37ms)
				SetLoadedEditorAssemblies (1ms)
				RefreshPlugins (1ms)
				BeforeProcessingInitializeOnLoad (90ms)
				ProcessInitializeOnLoadAttributes (256ms)
				ProcessInitializeOnLoadMethodAttributes (28ms)
				AfterProcessingInitializeOnLoad (6ms)
				EditorAssembliesLoaded (0ms)
			ExecutionOrderSort2 (0ms)
			AwakeInstancesAfterBackupRestoration (6ms)
Platform modules already initialized, skipping
Refreshing native plugins compatible for Editor in 2.07 ms, found 3 plugins.
Preloading 0 native plugins for Editor in 0.00 ms.
Unloading 3361 Unused Serialized files (Serialized files now loaded: 0)
Unloading 20 unused Assets / (80.8 KB). Loaded Objects now: 3909.
Memory consumption went from 127.8 MB to 127.7 MB.
Total: 2.746700 ms (FindLiveObjects: 0.324900 ms CreateObjectMapping: 0.247600 ms MarkObjects: 2.083300 ms  DeleteObjects: 0.089700 ms)

AssetImportParameters requested are different than current active one (requested -> active):
  custom:video-decoder-ogg-theora: a1e56fd34408186e4bbccfd4996cb3dc -> 
  custom:container-muxer-webm: aa71ff27fc2769a1b78a27578f13a17b -> 
  custom:container-demuxer-webm: 4f35f7cbe854078d1ac9338744f61a02 -> 
  custom:video-encoder-webm-vp8: eb34c28f22e8b96e1ab97ce403110664 -> 
  custom:audio-encoder-webm-vorbis: bf7c407c2cedff20999df2af8eb42d56 -> 
  custom:framework-win-MediaFoundation: 216162199b28c13a410421893ffa2e32 -> 
  custom:container-demuxer-ogg: 62fdf1f143b41e24485cea50d1cbac27 -> 
  custom:video-decoder-webm-vp8: 9c59270c3fd7afecdb556c50c9e8de78 -> 
  custom:audio-decoder-ogg-vorbis: bf7c407c2cedff20999df2af8eb42d56 -> 
========================================================================
Received Prepare
Registering precompiled user dll's ...
Registered in 0.006230 seconds.
Begin MonoManager ReloadAssembly
Symbol file LoadedFromMemory doesn't match image C:\Users\Ale\Desktop\3V\IAV\Proyecto Final\MeyerManoir\Library\PackageCache\com.unity.visualscripting@1.7.8\Editor\VisualScripting.Core\Dependencies\YamlDotNet\Unity.VisualScripting.YamlDotNet.dll
Symbol file LoadedFromMemory doesn't match image C:\Users\Ale\Desktop\3V\IAV\Proyecto Final\MeyerManoir\Library\PackageCache\com.unity.visualscripting@1.7.8\Editor\VisualScripting.Core\Dependencies\DotNetZip\Unity.VisualScripting.IonicZip.dll
Native extension for WindowsStandalone target not found
Native extension for Android target not found
Refreshing native plugins compatible for Editor in 0.87 ms, found 3 plugins.
Preloading 0 native plugins for Editor in 0.00 ms.
Mono: successfully reloaded assembly
- Completed reload, in  1.114 seconds
Domain Reload Profiling:
	ReloadAssembly (1115ms)
		BeginReloadAssembly (127ms)
			ExecutionOrderSort (0ms)
			DisableScriptedObjects (6ms)
			BackupInstance (0ms)
			ReleaseScriptingObjects (0ms)
			CreateAndSetChildDomain (34ms)
		EndReloadAssembly (886ms)
			LoadAssemblies (77ms)
			RebuildTransferFunctionScriptingTraits (0ms)
			SetupTypeCache (304ms)
			ReleaseScriptCaches (1ms)
			RebuildScriptCaches (50ms)
			SetupLoadedEditorAssemblies (400ms)
				LogAssemblyErrors (0ms)
				InitializePlatformSupportModulesInManaged (27ms)
				SetLoadedEditorAssemblies (1ms)
				RefreshPlugins (1ms)
				BeforeProcessingInitializeOnLoad (78ms)
				ProcessInitializeOnLoadAttributes (257ms)
				ProcessInitializeOnLoadMethodAttributes (30ms)
				AfterProcessingInitializeOnLoad (7ms)
				EditorAssembliesLoaded (0ms)
			ExecutionOrderSort2 (0ms)
			AwakeInstancesAfterBackupRestoration (6ms)
Platform modules already initialized, skipping
Refreshing native plugins compatible for Editor in 2.39 ms, found 3 plugins.
Preloading 0 native plugins for Editor in 0.00 ms.
Unloading 3361 Unused Serialized files (Serialized files now loaded: 0)
Unloading 20 unused Assets / (80.9 KB). Loaded Objects now: 3912.
Memory consumption went from 127.9 MB to 127.8 MB.
Total: 2.706100 ms (FindLiveObjects: 0.261200 ms CreateObjectMapping: 0.193100 ms MarkObjects: 2.161800 ms  DeleteObjects: 0.089300 ms)

AssetImportParameters requested are different than current active one (requested -> active):
  custom:video-decoder-ogg-theora: a1e56fd34408186e4bbccfd4996cb3dc -> 
  custom:container-muxer-webm: aa71ff27fc2769a1b78a27578f13a17b -> 
  custom:container-demuxer-webm: 4f35f7cbe854078d1ac9338744f61a02 -> 
  custom:video-encoder-webm-vp8: eb34c28f22e8b96e1ab97ce403110664 -> 
  custom:audio-encoder-webm-vorbis: bf7c407c2cedff20999df2af8eb42d56 -> 
  custom:framework-win-MediaFoundation: 216162199b28c13a410421893ffa2e32 -> 
  custom:container-demuxer-ogg: 62fdf1f143b41e24485cea50d1cbac27 -> 
  custom:video-decoder-webm-vp8: 9c59270c3fd7afecdb556c50c9e8de78 -> 
  custom:audio-decoder-ogg-vorbis: bf7c407c2cedff20999df2af8eb42d56 -> 
========================================================================
Received Import Request.
  Time since last request: 937.796145 seconds.
  path: Assets/Scripts/PlayerMovement.cs
  artifactKey: Guid(3f68bc3cfd6e07144a70b730429d4637) Importer(815301076,1909f56bfc062723c751e8b465ee728b)
Start importing Assets/Scripts/PlayerMovement.cs using Guid(3f68bc3cfd6e07144a70b730429d4637) Importer(815301076,1909f56bfc062723c751e8b465ee728b)  -> (artifact id: 'fe57738e477b5a483dea2259bc339712') in 0.013230 seconds 
========================================================================
Received Import Request.
  Time since last request: 6.273851 seconds.
  path: Assets/Scripts/PlayerMovement.cs
  artifactKey: Guid(3f68bc3cfd6e07144a70b730429d4637) Importer(815301076,1909f56bfc062723c751e8b465ee728b)
Start importing Assets/Scripts/PlayerMovement.cs using Guid(3f68bc3cfd6e07144a70b730429d4637) Importer(815301076,1909f56bfc062723c751e8b465ee728b)  -> (artifact id: '564b261227f4b62835f54690e3f6a3f3') in 0.002109 seconds 
========================================================================
Received Import Request.
  Time since last request: 27.996663 seconds.
  path: Assets/Scripts/PlayerMovement.cs
  artifactKey: Guid(3f68bc3cfd6e07144a70b730429d4637) Importer(815301076,1909f56bfc062723c751e8b465ee728b)
Start importing Assets/Scripts/PlayerMovement.cs using Guid(3f68bc3cfd6e07144a70b730429d4637) Importer(815301076,1909f56bfc062723c751e8b465ee728b)  -> (artifact id: '931abe18ddbfd3bf161225e646322036') in 0.002328 seconds 
========================================================================
Received Import Request.
  Time since last request: 14.043219 seconds.
  path: Assets/Scripts/PlayerMovement.cs
  artifactKey: Guid(3f68bc3cfd6e07144a70b730429d4637) Importer(815301076,1909f56bfc062723c751e8b465ee728b)
Start importing Assets/Scripts/PlayerMovement.cs using Guid(3f68bc3cfd6e07144a70b730429d4637) Importer(815301076,1909f56bfc062723c751e8b465ee728b)  -> (artifact id: '97f9090f6a2f0f094b6b276cbd94be69') in 0.001988 seconds 
========================================================================
Received Import Request.
  Time since last request: 15.043834 seconds.
  path: Assets/Scripts/PlayerMovement.cs
  artifactKey: Guid(3f68bc3cfd6e07144a70b730429d4637) Importer(815301076,1909f56bfc062723c751e8b465ee728b)
Start importing Assets/Scripts/PlayerMovement.cs using Guid(3f68bc3cfd6e07144a70b730429d4637) Importer(815301076,1909f56bfc062723c751e8b465ee728b)  -> (artifact id: 'f22d21a71b43eab8e4d953a08bb00391') in 0.002104 seconds 
========================================================================
Received Import Request.
  Time since last request: 20.422399 seconds.
  path: Assets/Scripts/PlayerMovement.cs
  artifactKey: Guid(3f68bc3cfd6e07144a70b730429d4637) Importer(815301076,1909f56bfc062723c751e8b465ee728b)
Start importing Assets/Scripts/PlayerMovement.cs using Guid(3f68bc3cfd6e07144a70b730429d4637) Importer(815301076,1909f56bfc062723c751e8b465ee728b)  -> (artifact id: '1f4140173469f614602837b08a7f76c8') in 0.002339 seconds 
========================================================================
Received Import Request.
  Time since last request: 13.340284 seconds.
  path: Assets/Scripts/PlayerMovement.cs
  artifactKey: Guid(3f68bc3cfd6e07144a70b730429d4637) Importer(815301076,1909f56bfc062723c751e8b465ee728b)
Start importing Assets/Scripts/PlayerMovement.cs using Guid(3f68bc3cfd6e07144a70b730429d4637) Importer(815301076,1909f56bfc062723c751e8b465ee728b)  -> (artifact id: '04817d267e8e648423dc12630190ae51') in 0.001803 seconds 
========================================================================
Received Prepare
Registering precompiled user dll's ...
Registered in 0.004978 seconds.
Begin MonoManager ReloadAssembly
Symbol file LoadedFromMemory doesn't match image C:\Users\Ale\Desktop\3V\IAV\Proyecto Final\MeyerManoir\Library\PackageCache\com.unity.visualscripting@1.7.8\Editor\VisualScripting.Core\Dependencies\YamlDotNet\Unity.VisualScripting.YamlDotNet.dll
Symbol file LoadedFromMemory doesn't match image C:\Users\Ale\Desktop\3V\IAV\Proyecto Final\MeyerManoir\Library\PackageCache\com.unity.visualscripting@1.7.8\Editor\VisualScripting.Core\Dependencies\DotNetZip\Unity.VisualScripting.IonicZip.dll
Native extension for WindowsStandalone target not found
Native extension for Android target not found
Refreshing native plugins compatible for Editor in 0.57 ms, found 3 plugins.
Preloading 0 native plugins for Editor in 0.00 ms.
Mono: successfully reloaded assembly
- Completed reload, in  1.065 seconds
Domain Reload Profiling:
	ReloadAssembly (1065ms)
		BeginReloadAssembly (135ms)
			ExecutionOrderSort (0ms)
			DisableScriptedObjects (5ms)
			BackupInstance (0ms)
			ReleaseScriptingObjects (0ms)
			CreateAndSetChildDomain (37ms)
		EndReloadAssembly (831ms)
			LoadAssemblies (85ms)
			RebuildTransferFunctionScriptingTraits (0ms)
			SetupTypeCache (311ms)
			ReleaseScriptCaches (1ms)
			RebuildScriptCaches (45ms)
			SetupLoadedEditorAssemblies (344ms)
				LogAssemblyErrors (0ms)
				InitializePlatformSupportModulesInManaged (24ms)
				SetLoadedEditorAssemblies (0ms)
				RefreshPlugins (1ms)
				BeforeProcessingInitializeOnLoad (72ms)
				ProcessInitializeOnLoadAttributes (219ms)
				ProcessInitializeOnLoadMethodAttributes (22ms)
				AfterProcessingInitializeOnLoad (5ms)
				EditorAssembliesLoaded (0ms)
			ExecutionOrderSort2 (0ms)
			AwakeInstancesAfterBackupRestoration (5ms)
Platform modules already initialized, skipping
Refreshing native plugins compatible for Editor in 1.92 ms, found 3 plugins.
Preloading 0 native plugins for Editor in 0.00 ms.
Unloading 3362 Unused Serialized files (Serialized files now loaded: 0)
Unloading 20 unused Assets / (80.8 KB). Loaded Objects now: 3916.
Memory consumption went from 127.9 MB to 127.8 MB.
Total: 2.794200 ms (FindLiveObjects: 0.257200 ms CreateObjectMapping: 0.164600 ms MarkObjects: 2.278800 ms  DeleteObjects: 0.092700 ms)

AssetImportParameters requested are different than current active one (requested -> active):
  custom:video-decoder-ogg-theora: a1e56fd34408186e4bbccfd4996cb3dc -> 
  custom:container-muxer-webm: aa71ff27fc2769a1b78a27578f13a17b -> 
  custom:container-demuxer-webm: 4f35f7cbe854078d1ac9338744f61a02 -> 
  custom:video-encoder-webm-vp8: eb34c28f22e8b96e1ab97ce403110664 -> 
  custom:audio-encoder-webm-vorbis: bf7c407c2cedff20999df2af8eb42d56 -> 
  custom:framework-win-MediaFoundation: 216162199b28c13a410421893ffa2e32 -> 
  custom:container-demuxer-ogg: 62fdf1f143b41e24485cea50d1cbac27 -> 
  custom:video-decoder-webm-vp8: 9c59270c3fd7afecdb556c50c9e8de78 -> 
  custom:audio-decoder-ogg-vorbis: bf7c407c2cedff20999df2af8eb42d56 -> 
========================================================================
Received Prepare
Registering precompiled user dll's ...
Registered in 0.004602 seconds.
Begin MonoManager ReloadAssembly
Symbol file LoadedFromMemory doesn't match image C:\Users\Ale\Desktop\3V\IAV\Proyecto Final\MeyerManoir\Library\PackageCache\com.unity.visualscripting@1.7.8\Editor\VisualScripting.Core\Dependencies\YamlDotNet\Unity.VisualScripting.YamlDotNet.dll
Symbol file LoadedFromMemory doesn't match image C:\Users\Ale\Desktop\3V\IAV\Proyecto Final\MeyerManoir\Library\PackageCache\com.unity.visualscripting@1.7.8\Editor\VisualScripting.Core\Dependencies\DotNetZip\Unity.VisualScripting.IonicZip.dll
Native extension for WindowsStandalone target not found
Native extension for Android target not found
Refreshing native plugins compatible for Editor in 0.83 ms, found 3 plugins.
Preloading 0 native plugins for Editor in 0.00 ms.
Mono: successfully reloaded assembly
- Completed reload, in  1.046 seconds
Domain Reload Profiling:
	ReloadAssembly (1047ms)
		BeginReloadAssembly (135ms)
			ExecutionOrderSort (0ms)
			DisableScriptedObjects (7ms)
			BackupInstance (0ms)
			ReleaseScriptingObjects (0ms)
			CreateAndSetChildDomain (34ms)
		EndReloadAssembly (814ms)
			LoadAssemblies (83ms)
			RebuildTransferFunctionScriptingTraits (0ms)
			SetupTypeCache (303ms)
			ReleaseScriptCaches (2ms)
			RebuildScriptCaches (47ms)
			SetupLoadedEditorAssemblies (330ms)
				LogAssemblyErrors (0ms)
				InitializePlatformSupportModulesInManaged (21ms)
				SetLoadedEditorAssemblies (0ms)
				RefreshPlugins (1ms)
				BeforeProcessingInitializeOnLoad (65ms)
				ProcessInitializeOnLoadAttributes (209ms)
				ProcessInitializeOnLoadMethodAttributes (28ms)
				AfterProcessingInitializeOnLoad (6ms)
				EditorAssembliesLoaded (0ms)
			ExecutionOrderSort2 (0ms)
			AwakeInstancesAfterBackupRestoration (6ms)
Platform modules already initialized, skipping
Refreshing native plugins compatible for Editor in 1.70 ms, found 3 plugins.
Preloading 0 native plugins for Editor in 0.00 ms.
Unloading 3362 Unused Serialized files (Serialized files now loaded: 0)
Unloading 20 unused Assets / (80.8 KB). Loaded Objects now: 3919.
Memory consumption went from 127.9 MB to 127.8 MB.
Total: 2.803000 ms (FindLiveObjects: 0.258100 ms CreateObjectMapping: 0.165700 ms MarkObjects: 2.281200 ms  DeleteObjects: 0.097000 ms)

AssetImportParameters requested are different than current active one (requested -> active):
  custom:video-decoder-ogg-theora: a1e56fd34408186e4bbccfd4996cb3dc -> 
  custom:container-muxer-webm: aa71ff27fc2769a1b78a27578f13a17b -> 
  custom:container-demuxer-webm: 4f35f7cbe854078d1ac9338744f61a02 -> 
  custom:video-encoder-webm-vp8: eb34c28f22e8b96e1ab97ce403110664 -> 
  custom:audio-encoder-webm-vorbis: bf7c407c2cedff20999df2af8eb42d56 -> 
  custom:framework-win-MediaFoundation: 216162199b28c13a410421893ffa2e32 -> 
  custom:container-demuxer-ogg: 62fdf1f143b41e24485cea50d1cbac27 -> 
  custom:video-decoder-webm-vp8: 9c59270c3fd7afecdb556c50c9e8de78 -> 
  custom:audio-decoder-ogg-vorbis: bf7c407c2cedff20999df2af8eb42d56 -> 
========================================================================
Received Prepare
Registering precompiled user dll's ...
Registered in 0.004576 seconds.
Begin MonoManager ReloadAssembly
Symbol file LoadedFromMemory doesn't match image C:\Users\Ale\Desktop\3V\IAV\Proyecto Final\MeyerManoir\Library\PackageCache\com.unity.visualscripting@1.7.8\Editor\VisualScripting.Core\Dependencies\YamlDotNet\Unity.VisualScripting.YamlDotNet.dll
Symbol file LoadedFromMemory doesn't match image C:\Users\Ale\Desktop\3V\IAV\Proyecto Final\MeyerManoir\Library\PackageCache\com.unity.visualscripting@1.7.8\Editor\VisualScripting.Core\Dependencies\DotNetZip\Unity.VisualScripting.IonicZip.dll
Native extension for WindowsStandalone target not found
Native extension for Android target not found
Refreshing native plugins compatible for Editor in 0.53 ms, found 3 plugins.
Preloading 0 native plugins for Editor in 0.00 ms.
Mono: successfully reloaded assembly
- Completed reload, in  1.227 seconds
Domain Reload Profiling:
	ReloadAssembly (1228ms)
		BeginReloadAssembly (135ms)
			ExecutionOrderSort (0ms)
			DisableScriptedObjects (6ms)
			BackupInstance (0ms)
			ReleaseScriptingObjects (0ms)
			CreateAndSetChildDomain (36ms)
		EndReloadAssembly (982ms)
			LoadAssemblies (86ms)
			RebuildTransferFunctionScriptingTraits (0ms)
			SetupTypeCache (369ms)
			ReleaseScriptCaches (1ms)
			RebuildScriptCaches (41ms)
			SetupLoadedEditorAssemblies (448ms)
				LogAssemblyErrors (0ms)
				InitializePlatformSupportModulesInManaged (20ms)
				SetLoadedEditorAssemblies (0ms)
				RefreshPlugins (1ms)
				BeforeProcessingInitializeOnLoad (68ms)
				ProcessInitializeOnLoadAttributes (327ms)
				ProcessInitializeOnLoadMethodAttributes (27ms)
				AfterProcessingInitializeOnLoad (6ms)
				EditorAssembliesLoaded (0ms)
			ExecutionOrderSort2 (0ms)
			AwakeInstancesAfterBackupRestoration (5ms)
Platform modules already initialized, skipping
Refreshing native plugins compatible for Editor in 1.62 ms, found 3 plugins.
Preloading 0 native plugins for Editor in 0.00 ms.
Unloading 3362 Unused Serialized files (Serialized files now loaded: 0)
Unloading 20 unused Assets / (80.8 KB). Loaded Objects now: 3922.
Memory consumption went from 127.9 MB to 127.8 MB.
Total: 3.549700 ms (FindLiveObjects: 0.319000 ms CreateObjectMapping: 0.190200 ms MarkObjects: 2.956500 ms  DeleteObjects: 0.083000 ms)

AssetImportParameters requested are different than current active one (requested -> active):
  custom:video-decoder-ogg-theora: a1e56fd34408186e4bbccfd4996cb3dc -> 
  custom:container-muxer-webm: aa71ff27fc2769a1b78a27578f13a17b -> 
  custom:container-demuxer-webm: 4f35f7cbe854078d1ac9338744f61a02 -> 
  custom:video-encoder-webm-vp8: eb34c28f22e8b96e1ab97ce403110664 -> 
  custom:audio-encoder-webm-vorbis: bf7c407c2cedff20999df2af8eb42d56 -> 
  custom:framework-win-MediaFoundation: 216162199b28c13a410421893ffa2e32 -> 
  custom:container-demuxer-ogg: 62fdf1f143b41e24485cea50d1cbac27 -> 
  custom:video-decoder-webm-vp8: 9c59270c3fd7afecdb556c50c9e8de78 -> 
  custom:audio-decoder-ogg-vorbis: bf7c407c2cedff20999df2af8eb42d56 -> 
========================================================================
Received Import Request.
  Time since last request: 140.393031 seconds.
  path: ProjectSettings/TagManager.asset
  artifactKey: Guid(00000000000000003000000000000000) Importer(815301076,1909f56bfc062723c751e8b465ee728b)
Start importing ProjectSettings/TagManager.asset using Guid(00000000000000003000000000000000) Importer(815301076,1909f56bfc062723c751e8b465ee728b)  -> (artifact id: '5f74b9f0782f3ffe8a654b2b60a9f33c') in 0.030673 seconds 
========================================================================
Received Prepare
Registering precompiled user dll's ...
Registered in 0.004787 seconds.
Begin MonoManager ReloadAssembly
Symbol file LoadedFromMemory doesn't match image C:\Users\Ale\Desktop\3V\IAV\Proyecto Final\MeyerManoir\Library\PackageCache\com.unity.visualscripting@1.7.8\Editor\VisualScripting.Core\Dependencies\YamlDotNet\Unity.VisualScripting.YamlDotNet.dll
Symbol file LoadedFromMemory doesn't match image C:\Users\Ale\Desktop\3V\IAV\Proyecto Final\MeyerManoir\Library\PackageCache\com.unity.visualscripting@1.7.8\Editor\VisualScripting.Core\Dependencies\DotNetZip\Unity.VisualScripting.IonicZip.dll
Native extension for WindowsStandalone target not found
Native extension for Android target not found
Refreshing native plugins compatible for Editor in 0.54 ms, found 3 plugins.
Preloading 0 native plugins for Editor in 0.00 ms.
Mono: successfully reloaded assembly
- Completed reload, in  1.088 seconds
Domain Reload Profiling:
	ReloadAssembly (1089ms)
		BeginReloadAssembly (126ms)
			ExecutionOrderSort (0ms)
			DisableScriptedObjects (5ms)
			BackupInstance (0ms)
			ReleaseScriptingObjects (0ms)
			CreateAndSetChildDomain (35ms)
		EndReloadAssembly (865ms)
			LoadAssemblies (75ms)
			RebuildTransferFunctionScriptingTraits (0ms)
			SetupTypeCache (284ms)
			ReleaseScriptCaches (1ms)
			RebuildScriptCaches (47ms)
			SetupLoadedEditorAssemblies (404ms)
				LogAssemblyErrors (0ms)
				InitializePlatformSupportModulesInManaged (26ms)
				SetLoadedEditorAssemblies (0ms)
				RefreshPlugins (1ms)
				BeforeProcessingInitializeOnLoad (72ms)
				ProcessInitializeOnLoadAttributes (270ms)
				ProcessInitializeOnLoadMethodAttributes (28ms)
				AfterProcessingInitializeOnLoad (7ms)
				EditorAssembliesLoaded (0ms)
			ExecutionOrderSort2 (0ms)
			AwakeInstancesAfterBackupRestoration (6ms)
Platform modules already initialized, skipping
Refreshing native plugins compatible for Editor in 2.15 ms, found 3 plugins.
Preloading 0 native plugins for Editor in 0.00 ms.
Unloading 3362 Unused Serialized files (Serialized files now loaded: 0)
Unloading 21 unused Assets / (80.8 KB). Loaded Objects now: 3925.
Memory consumption went from 127.8 MB to 127.8 MB.
Total: 3.293700 ms (FindLiveObjects: 0.255700 ms CreateObjectMapping: 0.156100 ms MarkObjects: 2.769600 ms  DeleteObjects: 0.111500 ms)

AssetImportParameters requested are different than current active one (requested -> active):
  custom:video-decoder-ogg-theora: a1e56fd34408186e4bbccfd4996cb3dc -> 
  custom:container-muxer-webm: aa71ff27fc2769a1b78a27578f13a17b -> 
  custom:container-demuxer-webm: 4f35f7cbe854078d1ac9338744f61a02 -> 
  custom:video-encoder-webm-vp8: eb34c28f22e8b96e1ab97ce403110664 -> 
  custom:audio-encoder-webm-vorbis: bf7c407c2cedff20999df2af8eb42d56 -> 
  custom:framework-win-MediaFoundation: 216162199b28c13a410421893ffa2e32 -> 
  custom:container-demuxer-ogg: 62fdf1f143b41e24485cea50d1cbac27 -> 
  custom:video-decoder-webm-vp8: 9c59270c3fd7afecdb556c50c9e8de78 -> 
  custom:audio-decoder-ogg-vorbis: bf7c407c2cedff20999df2af8eb42d56 -> 
========================================================================
Received Prepare
Registering precompiled user dll's ...
Registered in 0.004618 seconds.
Begin MonoManager ReloadAssembly
Symbol file LoadedFromMemory doesn't match image C:\Users\Ale\Desktop\3V\IAV\Proyecto Final\MeyerManoir\Library\PackageCache\com.unity.visualscripting@1.7.8\Editor\VisualScripting.Core\Dependencies\YamlDotNet\Unity.VisualScripting.YamlDotNet.dll
Symbol file LoadedFromMemory doesn't match image C:\Users\Ale\Desktop\3V\IAV\Proyecto Final\MeyerManoir\Library\PackageCache\com.unity.visualscripting@1.7.8\Editor\VisualScripting.Core\Dependencies\DotNetZip\Unity.VisualScripting.IonicZip.dll
Native extension for WindowsStandalone target not found
Native extension for Android target not found
Refreshing native plugins compatible for Editor in 0.55 ms, found 3 plugins.
Preloading 0 native plugins for Editor in 0.00 ms.
Mono: successfully reloaded assembly
- Completed reload, in  1.098 seconds
Domain Reload Profiling:
	ReloadAssembly (1100ms)
		BeginReloadAssembly (144ms)
			ExecutionOrderSort (0ms)
			DisableScriptedObjects (7ms)
			BackupInstance (0ms)
			ReleaseScriptingObjects (0ms)
			CreateAndSetChildDomain (40ms)
		EndReloadAssembly (855ms)
			LoadAssemblies (92ms)
			RebuildTransferFunctionScriptingTraits (0ms)
			SetupTypeCache (290ms)
			ReleaseScriptCaches (1ms)
			RebuildScriptCaches (45ms)
			SetupLoadedEditorAssemblies (384ms)
				LogAssemblyErrors (0ms)
				InitializePlatformSupportModulesInManaged (24ms)
				SetLoadedEditorAssemblies (1ms)
				RefreshPlugins (1ms)
				BeforeProcessingInitializeOnLoad (69ms)
				ProcessInitializeOnLoadAttributes (250ms)
				ProcessInitializeOnLoadMethodAttributes (33ms)
				AfterProcessingInitializeOnLoad (6ms)
				EditorAssembliesLoaded (0ms)
			ExecutionOrderSort2 (0ms)
			AwakeInstancesAfterBackupRestoration (7ms)
Platform modules already initialized, skipping
Refreshing native plugins compatible for Editor in 2.10 ms, found 3 plugins.
Preloading 0 native plugins for Editor in 0.00 ms.
Unloading 3362 Unused Serialized files (Serialized files now loaded: 0)
Unloading 20 unused Assets / (80.8 KB). Loaded Objects now: 3928.
Memory consumption went from 127.8 MB to 127.8 MB.
Total: 2.929700 ms (FindLiveObjects: 0.267100 ms CreateObjectMapping: 0.203800 ms MarkObjects: 2.363500 ms  DeleteObjects: 0.093800 ms)

AssetImportParameters requested are different than current active one (requested -> active):
  custom:video-decoder-ogg-theora: a1e56fd34408186e4bbccfd4996cb3dc -> 
  custom:container-muxer-webm: aa71ff27fc2769a1b78a27578f13a17b -> 
  custom:container-demuxer-webm: 4f35f7cbe854078d1ac9338744f61a02 -> 
  custom:video-encoder-webm-vp8: eb34c28f22e8b96e1ab97ce403110664 -> 
  custom:audio-encoder-webm-vorbis: bf7c407c2cedff20999df2af8eb42d56 -> 
  custom:framework-win-MediaFoundation: 216162199b28c13a410421893ffa2e32 -> 
  custom:container-demuxer-ogg: 62fdf1f143b41e24485cea50d1cbac27 -> 
  custom:video-decoder-webm-vp8: 9c59270c3fd7afecdb556c50c9e8de78 -> 
  custom:audio-decoder-ogg-vorbis: bf7c407c2cedff20999df2af8eb42d56 -> 
========================================================================
Received Prepare
Registering precompiled user dll's ...
Registered in 0.005966 seconds.
Begin MonoManager ReloadAssembly
Symbol file LoadedFromMemory doesn't match image C:\Users\Ale\Desktop\3V\IAV\Proyecto Final\MeyerManoir\Library\PackageCache\com.unity.visualscripting@1.7.8\Editor\VisualScripting.Core\Dependencies\YamlDotNet\Unity.VisualScripting.YamlDotNet.dll
Symbol file LoadedFromMemory doesn't match image C:\Users\Ale\Desktop\3V\IAV\Proyecto Final\MeyerManoir\Library\PackageCache\com.unity.visualscripting@1.7.8\Editor\VisualScripting.Core\Dependencies\DotNetZip\Unity.VisualScripting.IonicZip.dll
Native extension for WindowsStandalone target not found
Native extension for Android target not found
Refreshing native plugins compatible for Editor in 0.85 ms, found 3 plugins.
Preloading 0 native plugins for Editor in 0.00 ms.
Mono: successfully reloaded assembly
- Completed reload, in  1.184 seconds
Domain Reload Profiling:
	ReloadAssembly (1185ms)
		BeginReloadAssembly (125ms)
			ExecutionOrderSort (0ms)
			DisableScriptedObjects (5ms)
			BackupInstance (0ms)
			ReleaseScriptingObjects (0ms)
			CreateAndSetChildDomain (31ms)
		EndReloadAssembly (922ms)
			LoadAssemblies (106ms)
			RebuildTransferFunctionScriptingTraits (0ms)
			SetupTypeCache (308ms)
			ReleaseScriptCaches (2ms)
			RebuildScriptCaches (49ms)
			SetupLoadedEditorAssemblies (395ms)
				LogAssemblyErrors (0ms)
				InitializePlatformSupportModulesInManaged (26ms)
				SetLoadedEditorAssemblies (0ms)
				RefreshPlugins (1ms)
				BeforeProcessingInitializeOnLoad (81ms)
				ProcessInitializeOnLoadAttributes (252ms)
				ProcessInitializeOnLoadMethodAttributes (26ms)
				AfterProcessingInitializeOnLoad (8ms)
				EditorAssembliesLoaded (0ms)
			ExecutionOrderSort2 (0ms)
			AwakeInstancesAfterBackupRestoration (5ms)
Platform modules already initialized, skipping
Refreshing native plugins compatible for Editor in 1.99 ms, found 3 plugins.
Preloading 0 native plugins for Editor in 0.00 ms.
Unloading 3362 Unused Serialized files (Serialized files now loaded: 0)
Unloading 20 unused Assets / (80.7 KB). Loaded Objects now: 3931.
Memory consumption went from 127.9 MB to 127.9 MB.
Total: 3.258500 ms (FindLiveObjects: 0.298400 ms CreateObjectMapping: 0.219900 ms MarkObjects: 2.548000 ms  DeleteObjects: 0.191100 ms)

AssetImportParameters requested are different than current active one (requested -> active):
  custom:video-decoder-ogg-theora: a1e56fd34408186e4bbccfd4996cb3dc -> 
  custom:container-muxer-webm: aa71ff27fc2769a1b78a27578f13a17b -> 
  custom:container-demuxer-webm: 4f35f7cbe854078d1ac9338744f61a02 -> 
  custom:video-encoder-webm-vp8: eb34c28f22e8b96e1ab97ce403110664 -> 
  custom:audio-encoder-webm-vorbis: bf7c407c2cedff20999df2af8eb42d56 -> 
  custom:framework-win-MediaFoundation: 216162199b28c13a410421893ffa2e32 -> 
  custom:container-demuxer-ogg: 62fdf1f143b41e24485cea50d1cbac27 -> 
  custom:video-decoder-webm-vp8: 9c59270c3fd7afecdb556c50c9e8de78 -> 
  custom:audio-decoder-ogg-vorbis: bf7c407c2cedff20999df2af8eb42d56 -> 
========================================================================
Received Prepare
Registering precompiled user dll's ...
Registered in 0.004506 seconds.
Begin MonoManager ReloadAssembly
Symbol file LoadedFromMemory doesn't match image C:\Users\Ale\Desktop\3V\IAV\Proyecto Final\MeyerManoir\Library\PackageCache\com.unity.visualscripting@1.7.8\Editor\VisualScripting.Core\Dependencies\YamlDotNet\Unity.VisualScripting.YamlDotNet.dll
Symbol file LoadedFromMemory doesn't match image C:\Users\Ale\Desktop\3V\IAV\Proyecto Final\MeyerManoir\Library\PackageCache\com.unity.visualscripting@1.7.8\Editor\VisualScripting.Core\Dependencies\DotNetZip\Unity.VisualScripting.IonicZip.dll
Native extension for WindowsStandalone target not found
Native extension for Android target not found
Refreshing native plugins compatible for Editor in 1.01 ms, found 3 plugins.
Preloading 0 native plugins for Editor in 0.00 ms.
Mono: successfully reloaded assembly
- Completed reload, in  1.122 seconds
Domain Reload Profiling:
	ReloadAssembly (1123ms)
		BeginReloadAssembly (120ms)
			ExecutionOrderSort (0ms)
			DisableScriptedObjects (6ms)
			BackupInstance (0ms)
			ReleaseScriptingObjects (0ms)
			CreateAndSetChildDomain (29ms)
		EndReloadAssembly (900ms)
			LoadAssemblies (75ms)
			RebuildTransferFunctionScriptingTraits (0ms)
			SetupTypeCache (292ms)
			ReleaseScriptCaches (1ms)
			RebuildScriptCaches (50ms)
			SetupLoadedEditorAssemblies (427ms)
				LogAssemblyErrors (0ms)
				InitializePlatformSupportModulesInManaged (25ms)
				SetLoadedEditorAssemblies (1ms)
				RefreshPlugins (1ms)
				BeforeProcessingInitializeOnLoad (84ms)
				ProcessInitializeOnLoadAttributes (282ms)
				ProcessInitializeOnLoadMethodAttributes (28ms)
				AfterProcessingInitializeOnLoad (6ms)
				EditorAssembliesLoaded (0ms)
			ExecutionOrderSort2 (0ms)
			AwakeInstancesAfterBackupRestoration (7ms)
Platform modules already initialized, skipping
Refreshing native plugins compatible for Editor in 2.03 ms, found 3 plugins.
Preloading 0 native plugins for Editor in 0.00 ms.
Unloading 3362 Unused Serialized files (Serialized files now loaded: 0)
Unloading 20 unused Assets / (83.3 KB). Loaded Objects now: 3934.
Memory consumption went from 127.9 MB to 127.9 MB.
Total: 2.797300 ms (FindLiveObjects: 0.245900 ms CreateObjectMapping: 0.160800 ms MarkObjects: 2.253400 ms  DeleteObjects: 0.136200 ms)

AssetImportParameters requested are different than current active one (requested -> active):
  custom:video-decoder-ogg-theora: a1e56fd34408186e4bbccfd4996cb3dc -> 
  custom:container-muxer-webm: aa71ff27fc2769a1b78a27578f13a17b -> 
  custom:container-demuxer-webm: 4f35f7cbe854078d1ac9338744f61a02 -> 
  custom:video-encoder-webm-vp8: eb34c28f22e8b96e1ab97ce403110664 -> 
  custom:audio-encoder-webm-vorbis: bf7c407c2cedff20999df2af8eb42d56 -> 
  custom:framework-win-MediaFoundation: 216162199b28c13a410421893ffa2e32 -> 
  custom:container-demuxer-ogg: 62fdf1f143b41e24485cea50d1cbac27 -> 
  custom:video-decoder-webm-vp8: 9c59270c3fd7afecdb556c50c9e8de78 -> 
  custom:audio-decoder-ogg-vorbis: bf7c407c2cedff20999df2af8eb42d56 -> 
========================================================================
Received Prepare
Registering precompiled user dll's ...
Registered in 0.005461 seconds.
Begin MonoManager ReloadAssembly
Symbol file LoadedFromMemory doesn't match image C:\Users\Ale\Desktop\3V\IAV\Proyecto Final\MeyerManoir\Library\PackageCache\com.unity.visualscripting@1.7.8\Editor\VisualScripting.Core\Dependencies\YamlDotNet\Unity.VisualScripting.YamlDotNet.dll
Symbol file LoadedFromMemory doesn't match image C:\Users\Ale\Desktop\3V\IAV\Proyecto Final\MeyerManoir\Library\PackageCache\com.unity.visualscripting@1.7.8\Editor\VisualScripting.Core\Dependencies\DotNetZip\Unity.VisualScripting.IonicZip.dll
Native extension for WindowsStandalone target not found
Native extension for Android target not found
Refreshing native plugins compatible for Editor in 0.55 ms, found 3 plugins.
Preloading 0 native plugins for Editor in 0.00 ms.
Mono: successfully reloaded assembly
- Completed reload, in  1.138 seconds
Domain Reload Profiling:
	ReloadAssembly (1139ms)
		BeginReloadAssembly (152ms)
			ExecutionOrderSort (0ms)
			DisableScriptedObjects (8ms)
			BackupInstance (0ms)
			ReleaseScriptingObjects (0ms)
			CreateAndSetChildDomain (48ms)
		EndReloadAssembly (886ms)
			LoadAssemblies (77ms)
			RebuildTransferFunctionScriptingTraits (0ms)
			SetupTypeCache (376ms)
			ReleaseScriptCaches (1ms)
			RebuildScriptCaches (50ms)
			SetupLoadedEditorAssemblies (329ms)
				LogAssemblyErrors (0ms)
				InitializePlatformSupportModulesInManaged (21ms)
				SetLoadedEditorAssemblies (0ms)
				RefreshPlugins (1ms)
				BeforeProcessingInitializeOnLoad (65ms)
				ProcessInitializeOnLoadAttributes (211ms)
				ProcessInitializeOnLoadMethodAttributes (23ms)
				AfterProcessingInitializeOnLoad (7ms)
				EditorAssembliesLoaded (0ms)
			ExecutionOrderSort2 (0ms)
			AwakeInstancesAfterBackupRestoration (5ms)
Platform modules already initialized, skipping
Refreshing native plugins compatible for Editor in 1.71 ms, found 3 plugins.
Preloading 0 native plugins for Editor in 0.00 ms.
Unloading 3362 Unused Serialized files (Serialized files now loaded: 0)
Unloading 20 unused Assets / (80.7 KB). Loaded Objects now: 3937.
Memory consumption went from 127.9 MB to 127.8 MB.
Total: 2.659900 ms (FindLiveObjects: 0.235000 ms CreateObjectMapping: 0.156600 ms MarkObjects: 2.190900 ms  DeleteObjects: 0.077000 ms)

AssetImportParameters requested are different than current active one (requested -> active):
  custom:video-decoder-ogg-theora: a1e56fd34408186e4bbccfd4996cb3dc -> 
  custom:container-muxer-webm: aa71ff27fc2769a1b78a27578f13a17b -> 
  custom:container-demuxer-webm: 4f35f7cbe854078d1ac9338744f61a02 -> 
  custom:video-encoder-webm-vp8: eb34c28f22e8b96e1ab97ce403110664 -> 
  custom:audio-encoder-webm-vorbis: bf7c407c2cedff20999df2af8eb42d56 -> 
  custom:framework-win-MediaFoundation: 216162199b28c13a410421893ffa2e32 -> 
  custom:container-demuxer-ogg: 62fdf1f143b41e24485cea50d1cbac27 -> 
  custom:video-decoder-webm-vp8: 9c59270c3fd7afecdb556c50c9e8de78 -> 
  custom:audio-decoder-ogg-vorbis: bf7c407c2cedff20999df2af8eb42d56 -> 
========================================================================
Received Prepare
Registering precompiled user dll's ...
Registered in 0.004949 seconds.
Begin MonoManager ReloadAssembly
Symbol file LoadedFromMemory doesn't match image C:\Users\Ale\Desktop\3V\IAV\Proyecto Final\MeyerManoir\Library\PackageCache\com.unity.visualscripting@1.7.8\Editor\VisualScripting.Core\Dependencies\YamlDotNet\Unity.VisualScripting.YamlDotNet.dll
Symbol file LoadedFromMemory doesn't match image C:\Users\Ale\Desktop\3V\IAV\Proyecto Final\MeyerManoir\Library\PackageCache\com.unity.visualscripting@1.7.8\Editor\VisualScripting.Core\Dependencies\DotNetZip\Unity.VisualScripting.IonicZip.dll
Native extension for WindowsStandalone target not found
Native extension for Android target not found
Refreshing native plugins compatible for Editor in 0.61 ms, found 3 plugins.
Preloading 0 native plugins for Editor in 0.00 ms.
Mono: successfully reloaded assembly
- Completed reload, in  1.214 seconds
Domain Reload Profiling:
	ReloadAssembly (1214ms)
		BeginReloadAssembly (230ms)
			ExecutionOrderSort (0ms)
			DisableScriptedObjects (6ms)
			BackupInstance (0ms)
			ReleaseScriptingObjects (0ms)
			CreateAndSetChildDomain (52ms)
		EndReloadAssembly (868ms)
			LoadAssemblies (135ms)
			RebuildTransferFunctionScriptingTraits (0ms)
			SetupTypeCache (295ms)
			ReleaseScriptCaches (1ms)
			RebuildScriptCaches (42ms)
			SetupLoadedEditorAssemblies (404ms)
				LogAssemblyErrors (0ms)
				InitializePlatformSupportModulesInManaged (22ms)
				SetLoadedEditorAssemblies (0ms)
				RefreshPlugins (1ms)
				BeforeProcessingInitializeOnLoad (71ms)
				ProcessInitializeOnLoadAttributes (272ms)
				ProcessInitializeOnLoadMethodAttributes (31ms)
				AfterProcessingInitializeOnLoad (6ms)
				EditorAssembliesLoaded (0ms)
			ExecutionOrderSort2 (0ms)
			AwakeInstancesAfterBackupRestoration (5ms)
Platform modules already initialized, skipping
Refreshing native plugins compatible for Editor in 2.16 ms, found 3 plugins.
Preloading 0 native plugins for Editor in 0.00 ms.
Unloading 3362 Unused Serialized files (Serialized files now loaded: 0)
Unloading 20 unused Assets / (80.8 KB). Loaded Objects now: 3940.
Memory consumption went from 127.9 MB to 127.8 MB.
Total: 3.517300 ms (FindLiveObjects: 0.259800 ms CreateObjectMapping: 0.158000 ms MarkObjects: 2.935400 ms  DeleteObjects: 0.163000 ms)

AssetImportParameters requested are different than current active one (requested -> active):
  custom:video-decoder-ogg-theora: a1e56fd34408186e4bbccfd4996cb3dc -> 
  custom:container-muxer-webm: aa71ff27fc2769a1b78a27578f13a17b -> 
  custom:container-demuxer-webm: 4f35f7cbe854078d1ac9338744f61a02 -> 
  custom:video-encoder-webm-vp8: eb34c28f22e8b96e1ab97ce403110664 -> 
  custom:audio-encoder-webm-vorbis: bf7c407c2cedff20999df2af8eb42d56 -> 
  custom:framework-win-MediaFoundation: 216162199b28c13a410421893ffa2e32 -> 
  custom:container-demuxer-ogg: 62fdf1f143b41e24485cea50d1cbac27 -> 
  custom:video-decoder-webm-vp8: 9c59270c3fd7afecdb556c50c9e8de78 -> 
  custom:audio-decoder-ogg-vorbis: bf7c407c2cedff20999df2af8eb42d56 -> 
========================================================================
Received Prepare
Registering precompiled user dll's ...
Registered in 0.004889 seconds.
Begin MonoManager ReloadAssembly
Symbol file LoadedFromMemory doesn't match image C:\Users\Ale\Desktop\3V\IAV\Proyecto Final\MeyerManoir\Library\PackageCache\com.unity.visualscripting@1.7.8\Editor\VisualScripting.Core\Dependencies\YamlDotNet\Unity.VisualScripting.YamlDotNet.dll
Symbol file LoadedFromMemory doesn't match image C:\Users\Ale\Desktop\3V\IAV\Proyecto Final\MeyerManoir\Library\PackageCache\com.unity.visualscripting@1.7.8\Editor\VisualScripting.Core\Dependencies\DotNetZip\Unity.VisualScripting.IonicZip.dll
Native extension for WindowsStandalone target not found
Native extension for Android target not found
Refreshing native plugins compatible for Editor in 0.57 ms, found 3 plugins.
Preloading 0 native plugins for Editor in 0.00 ms.
Mono: successfully reloaded assembly
- Completed reload, in  1.180 seconds
Domain Reload Profiling:
	ReloadAssembly (1181ms)
		BeginReloadAssembly (122ms)
			ExecutionOrderSort (0ms)
			DisableScriptedObjects (5ms)
			BackupInstance (0ms)
			ReleaseScriptingObjects (0ms)
			CreateAndSetChildDomain (34ms)
		EndReloadAssembly (959ms)
			LoadAssemblies (78ms)
			RebuildTransferFunctionScriptingTraits (0ms)
			SetupTypeCache (375ms)
			ReleaseScriptCaches (1ms)
			RebuildScriptCaches (52ms)
			SetupLoadedEditorAssemblies (369ms)
				LogAssemblyErrors (0ms)
				InitializePlatformSupportModulesInManaged (24ms)
				SetLoadedEditorAssemblies (0ms)
				RefreshPlugins (1ms)
				BeforeProcessingInitializeOnLoad (74ms)
				ProcessInitializeOnLoadAttributes (238ms)
				ProcessInitializeOnLoadMethodAttributes (25ms)
				AfterProcessingInitializeOnLoad (6ms)
				EditorAssembliesLoaded (0ms)
			ExecutionOrderSort2 (0ms)
			AwakeInstancesAfterBackupRestoration (6ms)
Platform modules already initialized, skipping
Refreshing native plugins compatible for Editor in 1.94 ms, found 3 plugins.
Preloading 0 native plugins for Editor in 0.00 ms.
Unloading 3362 Unused Serialized files (Serialized files now loaded: 0)
Unloading 20 unused Assets / (80.8 KB). Loaded Objects now: 3943.
Memory consumption went from 127.9 MB to 127.8 MB.
Total: 3.210900 ms (FindLiveObjects: 0.301200 ms CreateObjectMapping: 0.244100 ms MarkObjects: 2.573200 ms  DeleteObjects: 0.091600 ms)

AssetImportParameters requested are different than current active one (requested -> active):
  custom:video-decoder-ogg-theora: a1e56fd34408186e4bbccfd4996cb3dc -> 
  custom:container-muxer-webm: aa71ff27fc2769a1b78a27578f13a17b -> 
  custom:container-demuxer-webm: 4f35f7cbe854078d1ac9338744f61a02 -> 
  custom:video-encoder-webm-vp8: eb34c28f22e8b96e1ab97ce403110664 -> 
  custom:audio-encoder-webm-vorbis: bf7c407c2cedff20999df2af8eb42d56 -> 
  custom:framework-win-MediaFoundation: 216162199b28c13a410421893ffa2e32 -> 
  custom:container-demuxer-ogg: 62fdf1f143b41e24485cea50d1cbac27 -> 
  custom:video-decoder-webm-vp8: 9c59270c3fd7afecdb556c50c9e8de78 -> 
  custom:audio-decoder-ogg-vorbis: bf7c407c2cedff20999df2af8eb42d56 -> 
========================================================================
Received Prepare
Registering precompiled user dll's ...
Registered in 0.006634 seconds.
Begin MonoManager ReloadAssembly
Symbol file LoadedFromMemory doesn't match image C:\Users\Ale\Desktop\3V\IAV\Proyecto Final\MeyerManoir\Library\PackageCache\com.unity.visualscripting@1.7.8\Editor\VisualScripting.Core\Dependencies\YamlDotNet\Unity.VisualScripting.YamlDotNet.dll
Symbol file LoadedFromMemory doesn't match image C:\Users\Ale\Desktop\3V\IAV\Proyecto Final\MeyerManoir\Library\PackageCache\com.unity.visualscripting@1.7.8\Editor\VisualScripting.Core\Dependencies\DotNetZip\Unity.VisualScripting.IonicZip.dll
Native extension for WindowsStandalone target not found
Native extension for Android target not found
Refreshing native plugins compatible for Editor in 1.11 ms, found 3 plugins.
Preloading 0 native plugins for Editor in 0.00 ms.
Mono: successfully reloaded assembly
- Completed reload, in  1.199 seconds
Domain Reload Profiling:
	ReloadAssembly (1200ms)
		BeginReloadAssembly (131ms)
			ExecutionOrderSort (0ms)
			DisableScriptedObjects (6ms)
			BackupInstance (0ms)
			ReleaseScriptingObjects (0ms)
			CreateAndSetChildDomain (34ms)
		EndReloadAssembly (973ms)
			LoadAssemblies (81ms)
			RebuildTransferFunctionScriptingTraits (0ms)
			SetupTypeCache (309ms)
			ReleaseScriptCaches (1ms)
			RebuildScriptCaches (56ms)
			SetupLoadedEditorAssemblies (396ms)
				LogAssemblyErrors (0ms)
				InitializePlatformSupportModulesInManaged (31ms)
				SetLoadedEditorAssemblies (1ms)
				RefreshPlugins (1ms)
				BeforeProcessingInitializeOnLoad (91ms)
				ProcessInitializeOnLoadAttributes (241ms)
				ProcessInitializeOnLoadMethodAttributes (26ms)
				AfterProcessingInitializeOnLoad (6ms)
				EditorAssembliesLoaded (0ms)
			ExecutionOrderSort2 (0ms)
			AwakeInstancesAfterBackupRestoration (6ms)
Platform modules already initialized, skipping
Refreshing native plugins compatible for Editor in 2.44 ms, found 3 plugins.
Preloading 0 native plugins for Editor in 0.00 ms.
Unloading 3362 Unused Serialized files (Serialized files now loaded: 0)
Unloading 20 unused Assets / (80.8 KB). Loaded Objects now: 3946.
Memory consumption went from 128.0 MB to 127.9 MB.
Total: 3.083400 ms (FindLiveObjects: 0.358600 ms CreateObjectMapping: 0.242000 ms MarkObjects: 2.384600 ms  DeleteObjects: 0.097100 ms)

AssetImportParameters requested are different than current active one (requested -> active):
  custom:video-decoder-ogg-theora: a1e56fd34408186e4bbccfd4996cb3dc -> 
  custom:container-muxer-webm: aa71ff27fc2769a1b78a27578f13a17b -> 
  custom:container-demuxer-webm: 4f35f7cbe854078d1ac9338744f61a02 -> 
  custom:video-encoder-webm-vp8: eb34c28f22e8b96e1ab97ce403110664 -> 
  custom:audio-encoder-webm-vorbis: bf7c407c2cedff20999df2af8eb42d56 -> 
  custom:framework-win-MediaFoundation: 216162199b28c13a410421893ffa2e32 -> 
  custom:container-demuxer-ogg: 62fdf1f143b41e24485cea50d1cbac27 -> 
  custom:video-decoder-webm-vp8: 9c59270c3fd7afecdb556c50c9e8de78 -> 
  custom:audio-decoder-ogg-vorbis: bf7c407c2cedff20999df2af8eb42d56 -> 
========================================================================
Received Prepare
Registering precompiled user dll's ...
Registered in 0.006351 seconds.
Begin MonoManager ReloadAssembly
Symbol file LoadedFromMemory doesn't match image C:\Users\Ale\Desktop\3V\IAV\Proyecto Final\MeyerManoir\Library\PackageCache\com.unity.visualscripting@1.7.8\Editor\VisualScripting.Core\Dependencies\YamlDotNet\Unity.VisualScripting.YamlDotNet.dll
Symbol file LoadedFromMemory doesn't match image C:\Users\Ale\Desktop\3V\IAV\Proyecto Final\MeyerManoir\Library\PackageCache\com.unity.visualscripting@1.7.8\Editor\VisualScripting.Core\Dependencies\DotNetZip\Unity.VisualScripting.IonicZip.dll
Native extension for WindowsStandalone target not found
Native extension for Android target not found
Refreshing native plugins compatible for Editor in 0.64 ms, found 3 plugins.
Preloading 0 native plugins for Editor in 0.00 ms.
Mono: successfully reloaded assembly
- Completed reload, in  1.160 seconds
Domain Reload Profiling:
	ReloadAssembly (1161ms)
		BeginReloadAssembly (120ms)
			ExecutionOrderSort (0ms)
			DisableScriptedObjects (7ms)
			BackupInstance (0ms)
			ReleaseScriptingObjects (0ms)
			CreateAndSetChildDomain (31ms)
		EndReloadAssembly (940ms)
			LoadAssemblies (72ms)
			RebuildTransferFunctionScriptingTraits (0ms)
			SetupTypeCache (292ms)
			ReleaseScriptCaches (1ms)
			RebuildScriptCaches (94ms)
			SetupLoadedEditorAssemblies (407ms)
				LogAssemblyErrors (0ms)
				InitializePlatformSupportModulesInManaged (22ms)
				SetLoadedEditorAssemblies (1ms)
				RefreshPlugins (1ms)
				BeforeProcessingInitializeOnLoad (92ms)
				ProcessInitializeOnLoadAttributes (256ms)
				ProcessInitializeOnLoadMethodAttributes (29ms)
				AfterProcessingInitializeOnLoad (7ms)
				EditorAssembliesLoaded (0ms)
			ExecutionOrderSort2 (0ms)
			AwakeInstancesAfterBackupRestoration (6ms)
Platform modules already initialized, skipping
Refreshing native plugins compatible for Editor in 2.39 ms, found 3 plugins.
Preloading 0 native plugins for Editor in 0.00 ms.
Unloading 3362 Unused Serialized files (Serialized files now loaded: 0)
Unloading 20 unused Assets / (80.8 KB). Loaded Objects now: 3949.
Memory consumption went from 128.0 MB to 127.9 MB.
Total: 2.570900 ms (FindLiveObjects: 0.233500 ms CreateObjectMapping: 0.146100 ms MarkObjects: 2.107700 ms  DeleteObjects: 0.082800 ms)

AssetImportParameters requested are different than current active one (requested -> active):
  custom:video-decoder-ogg-theora: a1e56fd34408186e4bbccfd4996cb3dc -> 
  custom:container-muxer-webm: aa71ff27fc2769a1b78a27578f13a17b -> 
  custom:container-demuxer-webm: 4f35f7cbe854078d1ac9338744f61a02 -> 
  custom:video-encoder-webm-vp8: eb34c28f22e8b96e1ab97ce403110664 -> 
  custom:audio-encoder-webm-vorbis: bf7c407c2cedff20999df2af8eb42d56 -> 
  custom:framework-win-MediaFoundation: 216162199b28c13a410421893ffa2e32 -> 
  custom:container-demuxer-ogg: 62fdf1f143b41e24485cea50d1cbac27 -> 
  custom:video-decoder-webm-vp8: 9c59270c3fd7afecdb556c50c9e8de78 -> 
  custom:audio-decoder-ogg-vorbis: bf7c407c2cedff20999df2af8eb42d56 -> 
========================================================================
Received Prepare
Registering precompiled user dll's ...
Registered in 0.006369 seconds.
Begin MonoManager ReloadAssembly
Symbol file LoadedFromMemory doesn't match image C:\Users\Ale\Desktop\3V\IAV\Proyecto Final\MeyerManoir\Library\PackageCache\com.unity.visualscripting@1.7.8\Editor\VisualScripting.Core\Dependencies\YamlDotNet\Unity.VisualScripting.YamlDotNet.dll
Symbol file LoadedFromMemory doesn't match image C:\Users\Ale\Desktop\3V\IAV\Proyecto Final\MeyerManoir\Library\PackageCache\com.unity.visualscripting@1.7.8\Editor\VisualScripting.Core\Dependencies\DotNetZip\Unity.VisualScripting.IonicZip.dll
Native extension for WindowsStandalone target not found
Native extension for Android target not found
Refreshing native plugins compatible for Editor in 0.60 ms, found 3 plugins.
Preloading 0 native plugins for Editor in 0.00 ms.
Mono: successfully reloaded assembly
- Completed reload, in  1.150 seconds
Domain Reload Profiling:
	ReloadAssembly (1151ms)
		BeginReloadAssembly (131ms)
			ExecutionOrderSort (0ms)
			DisableScriptedObjects (5ms)
			BackupInstance (0ms)
			ReleaseScriptingObjects (0ms)
			CreateAndSetChildDomain (35ms)
		EndReloadAssembly (916ms)
			LoadAssemblies (79ms)
			RebuildTransferFunctionScriptingTraits (0ms)
			SetupTypeCache (269ms)
			ReleaseScriptCaches (2ms)
			RebuildScriptCaches (49ms)
			SetupLoadedEditorAssemblies (407ms)
				LogAssemblyErrors (0ms)
				InitializePlatformSupportModulesInManaged (30ms)
				SetLoadedEditorAssemblies (1ms)
				RefreshPlugins (1ms)
				BeforeProcessingInitializeOnLoad (91ms)
				ProcessInitializeOnLoadAttributes (249ms)
				ProcessInitializeOnLoadMethodAttributes (29ms)
				AfterProcessingInitializeOnLoad (6ms)
				EditorAssembliesLoaded (0ms)
			ExecutionOrderSort2 (0ms)
			AwakeInstancesAfterBackupRestoration (6ms)
Platform modules already initialized, skipping
Refreshing native plugins compatible for Editor in 2.01 ms, found 3 plugins.
Preloading 0 native plugins for Editor in 0.00 ms.
Unloading 3362 Unused Serialized files (Serialized files now loaded: 0)
Unloading 20 unused Assets / (80.8 KB). Loaded Objects now: 3952.
Memory consumption went from 127.9 MB to 127.8 MB.
Total: 2.854200 ms (FindLiveObjects: 0.335800 ms CreateObjectMapping: 0.230300 ms MarkObjects: 2.182100 ms  DeleteObjects: 0.104800 ms)

AssetImportParameters requested are different than current active one (requested -> active):
  custom:video-decoder-ogg-theora: a1e56fd34408186e4bbccfd4996cb3dc -> 
  custom:container-muxer-webm: aa71ff27fc2769a1b78a27578f13a17b -> 
  custom:container-demuxer-webm: 4f35f7cbe854078d1ac9338744f61a02 -> 
  custom:video-encoder-webm-vp8: eb34c28f22e8b96e1ab97ce403110664 -> 
  custom:audio-encoder-webm-vorbis: bf7c407c2cedff20999df2af8eb42d56 -> 
  custom:framework-win-MediaFoundation: 216162199b28c13a410421893ffa2e32 -> 
  custom:container-demuxer-ogg: 62fdf1f143b41e24485cea50d1cbac27 -> 
  custom:video-decoder-webm-vp8: 9c59270c3fd7afecdb556c50c9e8de78 -> 
  custom:audio-decoder-ogg-vorbis: bf7c407c2cedff20999df2af8eb42d56 -> 
========================================================================
Received Prepare
Registering precompiled user dll's ...
Registered in 0.005742 seconds.
Begin MonoManager ReloadAssembly
Symbol file LoadedFromMemory doesn't match image C:\Users\Ale\Desktop\3V\IAV\Proyecto Final\MeyerManoir\Library\PackageCache\com.unity.visualscripting@1.7.8\Editor\VisualScripting.Core\Dependencies\YamlDotNet\Unity.VisualScripting.YamlDotNet.dll
Symbol file LoadedFromMemory doesn't match image C:\Users\Ale\Desktop\3V\IAV\Proyecto Final\MeyerManoir\Library\PackageCache\com.unity.visualscripting@1.7.8\Editor\VisualScripting.Core\Dependencies\DotNetZip\Unity.VisualScripting.IonicZip.dll
Native extension for WindowsStandalone target not found
Native extension for Android target not found
Refreshing native plugins compatible for Editor in 0.76 ms, found 3 plugins.
Preloading 0 native plugins for Editor in 0.00 ms.
Mono: successfully reloaded assembly
- Completed reload, in  1.076 seconds
Domain Reload Profiling:
	ReloadAssembly (1078ms)
		BeginReloadAssembly (139ms)
			ExecutionOrderSort (0ms)
			DisableScriptedObjects (9ms)
			BackupInstance (0ms)
			ReleaseScriptingObjects (0ms)
			CreateAndSetChildDomain (34ms)
		EndReloadAssembly (841ms)
			LoadAssemblies (85ms)
			RebuildTransferFunctionScriptingTraits (0ms)
			SetupTypeCache (305ms)
			ReleaseScriptCaches (2ms)
			RebuildScriptCaches (43ms)
			SetupLoadedEditorAssemblies (359ms)
				LogAssemblyErrors (0ms)
				InitializePlatformSupportModulesInManaged (26ms)
				SetLoadedEditorAssemblies (1ms)
				RefreshPlugins (1ms)
				BeforeProcessingInitializeOnLoad (71ms)
				ProcessInitializeOnLoadAttributes (224ms)
				ProcessInitializeOnLoadMethodAttributes (31ms)
				AfterProcessingInitializeOnLoad (6ms)
				EditorAssembliesLoaded (0ms)
			ExecutionOrderSort2 (0ms)
			AwakeInstancesAfterBackupRestoration (6ms)
Platform modules already initialized, skipping
Refreshing native plugins compatible for Editor in 1.82 ms, found 3 plugins.
Preloading 0 native plugins for Editor in 0.00 ms.
Unloading 3362 Unused Serialized files (Serialized files now loaded: 0)
Unloading 20 unused Assets / (80.7 KB). Loaded Objects now: 3955.
Memory consumption went from 127.9 MB to 127.8 MB.
Total: 3.268800 ms (FindLiveObjects: 0.374700 ms CreateObjectMapping: 0.356700 ms MarkObjects: 2.444400 ms  DeleteObjects: 0.091600 ms)

AssetImportParameters requested are different than current active one (requested -> active):
  custom:video-decoder-ogg-theora: a1e56fd34408186e4bbccfd4996cb3dc -> 
  custom:container-muxer-webm: aa71ff27fc2769a1b78a27578f13a17b -> 
  custom:container-demuxer-webm: 4f35f7cbe854078d1ac9338744f61a02 -> 
  custom:video-encoder-webm-vp8: eb34c28f22e8b96e1ab97ce403110664 -> 
  custom:audio-encoder-webm-vorbis: bf7c407c2cedff20999df2af8eb42d56 -> 
  custom:framework-win-MediaFoundation: 216162199b28c13a410421893ffa2e32 -> 
  custom:container-demuxer-ogg: 62fdf1f143b41e24485cea50d1cbac27 -> 
  custom:video-decoder-webm-vp8: 9c59270c3fd7afecdb556c50c9e8de78 -> 
  custom:audio-decoder-ogg-vorbis: bf7c407c2cedff20999df2af8eb42d56 -> 
========================================================================
Received Prepare
Registering precompiled user dll's ...
Registered in 0.005792 seconds.
Begin MonoManager ReloadAssembly
Symbol file LoadedFromMemory doesn't match image C:\Users\Ale\Desktop\3V\IAV\Proyecto Final\MeyerManoir\Library\PackageCache\com.unity.visualscripting@1.7.8\Editor\VisualScripting.Core\Dependencies\YamlDotNet\Unity.VisualScripting.YamlDotNet.dll
Symbol file LoadedFromMemory doesn't match image C:\Users\Ale\Desktop\3V\IAV\Proyecto Final\MeyerManoir\Library\PackageCache\com.unity.visualscripting@1.7.8\Editor\VisualScripting.Core\Dependencies\DotNetZip\Unity.VisualScripting.IonicZip.dll
Native extension for WindowsStandalone target not found
Native extension for Android target not found
Refreshing native plugins compatible for Editor in 0.59 ms, found 3 plugins.
Preloading 0 native plugins for Editor in 0.00 ms.
Mono: successfully reloaded assembly
- Completed reload, in  1.091 seconds
Domain Reload Profiling:
	ReloadAssembly (1091ms)
		BeginReloadAssembly (137ms)
			ExecutionOrderSort (0ms)
			DisableScriptedObjects (6ms)
			BackupInstance (0ms)
			ReleaseScriptingObjects (0ms)
			CreateAndSetChildDomain (38ms)
		EndReloadAssembly (843ms)
			LoadAssemblies (90ms)
			RebuildTransferFunctionScriptingTraits (0ms)
			SetupTypeCache (310ms)
			ReleaseScriptCaches (2ms)
			RebuildScriptCaches (43ms)
			SetupLoadedEditorAssemblies (356ms)
				LogAssemblyErrors (0ms)
				InitializePlatformSupportModulesInManaged (22ms)
				SetLoadedEditorAssemblies (0ms)
				RefreshPlugins (1ms)
				BeforeProcessingInitializeOnLoad (71ms)
				ProcessInitializeOnLoadAttributes (230ms)
				ProcessInitializeOnLoadMethodAttributes (26ms)
				AfterProcessingInitializeOnLoad (6ms)
				EditorAssembliesLoaded (0ms)
			ExecutionOrderSort2 (0ms)
			AwakeInstancesAfterBackupRestoration (5ms)
Platform modules already initialized, skipping
Refreshing native plugins compatible for Editor in 2.12 ms, found 3 plugins.
Preloading 0 native plugins for Editor in 0.00 ms.
Unloading 3362 Unused Serialized files (Serialized files now loaded: 0)
Unloading 20 unused Assets / (80.8 KB). Loaded Objects now: 3958.
Memory consumption went from 128.0 MB to 127.9 MB.
Total: 2.831000 ms (FindLiveObjects: 0.252300 ms CreateObjectMapping: 0.156600 ms MarkObjects: 2.323500 ms  DeleteObjects: 0.097800 ms)

AssetImportParameters requested are different than current active one (requested -> active):
  custom:video-decoder-ogg-theora: a1e56fd34408186e4bbccfd4996cb3dc -> 
  custom:container-muxer-webm: aa71ff27fc2769a1b78a27578f13a17b -> 
  custom:container-demuxer-webm: 4f35f7cbe854078d1ac9338744f61a02 -> 
  custom:video-encoder-webm-vp8: eb34c28f22e8b96e1ab97ce403110664 -> 
  custom:audio-encoder-webm-vorbis: bf7c407c2cedff20999df2af8eb42d56 -> 
  custom:framework-win-MediaFoundation: 216162199b28c13a410421893ffa2e32 -> 
  custom:container-demuxer-ogg: 62fdf1f143b41e24485cea50d1cbac27 -> 
  custom:video-decoder-webm-vp8: 9c59270c3fd7afecdb556c50c9e8de78 -> 
  custom:audio-decoder-ogg-vorbis: bf7c407c2cedff20999df2af8eb42d56 -> 
========================================================================
Received Prepare
Registering precompiled user dll's ...
Registered in 0.008175 seconds.
Begin MonoManager ReloadAssembly
Symbol file LoadedFromMemory doesn't match image C:\Users\Ale\Desktop\3V\IAV\Proyecto Final\MeyerManoir\Library\PackageCache\com.unity.visualscripting@1.7.8\Editor\VisualScripting.Core\Dependencies\YamlDotNet\Unity.VisualScripting.YamlDotNet.dll
Symbol file LoadedFromMemory doesn't match image C:\Users\Ale\Desktop\3V\IAV\Proyecto Final\MeyerManoir\Library\PackageCache\com.unity.visualscripting@1.7.8\Editor\VisualScripting.Core\Dependencies\DotNetZip\Unity.VisualScripting.IonicZip.dll
Native extension for WindowsStandalone target not found
Native extension for Android target not found
Refreshing native plugins compatible for Editor in 1.28 ms, found 3 plugins.
Preloading 0 native plugins for Editor in 0.00 ms.
Mono: successfully reloaded assembly
- Completed reload, in  2.514 seconds
Domain Reload Profiling:
	ReloadAssembly (2518ms)
		BeginReloadAssembly (884ms)
			ExecutionOrderSort (0ms)
			DisableScriptedObjects (36ms)
			BackupInstance (0ms)
			ReleaseScriptingObjects (0ms)
			CreateAndSetChildDomain (472ms)
		EndReloadAssembly (1444ms)
			LoadAssemblies (266ms)
			RebuildTransferFunctionScriptingTraits (0ms)
			SetupTypeCache (493ms)
			ReleaseScriptCaches (5ms)
			RebuildScriptCaches (69ms)
			SetupLoadedEditorAssemblies (587ms)
				LogAssemblyErrors (0ms)
				InitializePlatformSupportModulesInManaged (42ms)
				SetLoadedEditorAssemblies (2ms)
				RefreshPlugins (1ms)
				BeforeProcessingInitializeOnLoad (108ms)
				ProcessInitializeOnLoadAttributes (385ms)
				ProcessInitializeOnLoadMethodAttributes (41ms)
				AfterProcessingInitializeOnLoad (7ms)
				EditorAssembliesLoaded (0ms)
			ExecutionOrderSort2 (0ms)
			AwakeInstancesAfterBackupRestoration (7ms)
Platform modules already initialized, skipping
Refreshing native plugins compatible for Editor in 2.83 ms, found 3 plugins.
Preloading 0 native plugins for Editor in 0.00 ms.
Unloading 3362 Unused Serialized files (Serialized files now loaded: 0)
Unloading 20 unused Assets / (80.8 KB). Loaded Objects now: 3961.
Memory consumption went from 128.0 MB to 127.9 MB.
Total: 7.709800 ms (FindLiveObjects: 0.337100 ms CreateObjectMapping: 0.245800 ms MarkObjects: 6.417000 ms  DeleteObjects: 0.708200 ms)

AssetImportParameters requested are different than current active one (requested -> active):
  custom:video-decoder-ogg-theora: a1e56fd34408186e4bbccfd4996cb3dc -> 
  custom:container-muxer-webm: aa71ff27fc2769a1b78a27578f13a17b -> 
  custom:container-demuxer-webm: 4f35f7cbe854078d1ac9338744f61a02 -> 
  custom:video-encoder-webm-vp8: eb34c28f22e8b96e1ab97ce403110664 -> 
  custom:audio-encoder-webm-vorbis: bf7c407c2cedff20999df2af8eb42d56 -> 
  custom:framework-win-MediaFoundation: 216162199b28c13a410421893ffa2e32 -> 
  custom:container-demuxer-ogg: 62fdf1f143b41e24485cea50d1cbac27 -> 
  custom:video-decoder-webm-vp8: 9c59270c3fd7afecdb556c50c9e8de78 -> 
  custom:audio-decoder-ogg-vorbis: bf7c407c2cedff20999df2af8eb42d56 -> 
========================================================================
Received Prepare
Registering precompiled user dll's ...
Registered in 0.007844 seconds.
Begin MonoManager ReloadAssembly
Symbol file LoadedFromMemory doesn't match image C:\Users\Ale\Desktop\3V\IAV\Proyecto Final\MeyerManoir\Library\PackageCache\com.unity.visualscripting@1.7.8\Editor\VisualScripting.Core\Dependencies\YamlDotNet\Unity.VisualScripting.YamlDotNet.dll
Symbol file LoadedFromMemory doesn't match image C:\Users\Ale\Desktop\3V\IAV\Proyecto Final\MeyerManoir\Library\PackageCache\com.unity.visualscripting@1.7.8\Editor\VisualScripting.Core\Dependencies\DotNetZip\Unity.VisualScripting.IonicZip.dll
Native extension for WindowsStandalone target not found
Native extension for Android target not found
Refreshing native plugins compatible for Editor in 0.76 ms, found 3 plugins.
Preloading 0 native plugins for Editor in 0.00 ms.
Mono: successfully reloaded assembly
- Completed reload, in  1.994 seconds
Domain Reload Profiling:
	ReloadAssembly (1997ms)
		BeginReloadAssembly (436ms)
			ExecutionOrderSort (0ms)
			DisableScriptedObjects (17ms)
			BackupInstance (0ms)
			ReleaseScriptingObjects (0ms)
			CreateAndSetChildDomain (162ms)
		EndReloadAssembly (1374ms)
			LoadAssemblies (202ms)
			RebuildTransferFunctionScriptingTraits (0ms)
			SetupTypeCache (480ms)
			ReleaseScriptCaches (2ms)
			RebuildScriptCaches (74ms)
			SetupLoadedEditorAssemblies (599ms)
				LogAssemblyErrors (0ms)
				InitializePlatformSupportModulesInManaged (35ms)
				SetLoadedEditorAssemblies (1ms)
				RefreshPlugins (1ms)
				BeforeProcessingInitializeOnLoad (127ms)
				ProcessInitializeOnLoadAttributes (384ms)
				ProcessInitializeOnLoadMethodAttributes (43ms)
				AfterProcessingInitializeOnLoad (8ms)
				EditorAssembliesLoaded (0ms)
			ExecutionOrderSort2 (0ms)
			AwakeInstancesAfterBackupRestoration (8ms)
Platform modules already initialized, skipping
Refreshing native plugins compatible for Editor in 2.58 ms, found 3 plugins.
Preloading 0 native plugins for Editor in 0.00 ms.
Unloading 3362 Unused Serialized files (Serialized files now loaded: 0)
Unloading 20 unused Assets / (80.7 KB). Loaded Objects now: 3964.
Memory consumption went from 127.9 MB to 127.8 MB.
Total: 5.548100 ms (FindLiveObjects: 0.331700 ms CreateObjectMapping: 0.206900 ms MarkObjects: 4.831900 ms  DeleteObjects: 0.176300 ms)

AssetImportParameters requested are different than current active one (requested -> active):
  custom:video-decoder-ogg-theora: a1e56fd34408186e4bbccfd4996cb3dc -> 
  custom:container-muxer-webm: aa71ff27fc2769a1b78a27578f13a17b -> 
  custom:container-demuxer-webm: 4f35f7cbe854078d1ac9338744f61a02 -> 
  custom:video-encoder-webm-vp8: eb34c28f22e8b96e1ab97ce403110664 -> 
  custom:audio-encoder-webm-vorbis: bf7c407c2cedff20999df2af8eb42d56 -> 
  custom:framework-win-MediaFoundation: 216162199b28c13a410421893ffa2e32 -> 
  custom:container-demuxer-ogg: 62fdf1f143b41e24485cea50d1cbac27 -> 
  custom:video-decoder-webm-vp8: 9c59270c3fd7afecdb556c50c9e8de78 -> 
  custom:audio-decoder-ogg-vorbis: bf7c407c2cedff20999df2af8eb42d56 -> 
========================================================================
Received Prepare
Registering precompiled user dll's ...
Registered in 0.007784 seconds.
Begin MonoManager ReloadAssembly
Symbol file LoadedFromMemory doesn't match image C:\Users\Ale\Desktop\3V\IAV\Proyecto Final\MeyerManoir\Library\PackageCache\com.unity.visualscripting@1.7.8\Editor\VisualScripting.Core\Dependencies\YamlDotNet\Unity.VisualScripting.YamlDotNet.dll
Symbol file LoadedFromMemory doesn't match image C:\Users\Ale\Desktop\3V\IAV\Proyecto Final\MeyerManoir\Library\PackageCache\com.unity.visualscripting@1.7.8\Editor\VisualScripting.Core\Dependencies\DotNetZip\Unity.VisualScripting.IonicZip.dll
Native extension for WindowsStandalone target not found
Native extension for Android target not found
Refreshing native plugins compatible for Editor in 0.71 ms, found 3 plugins.
Preloading 0 native plugins for Editor in 0.00 ms.
Mono: successfully reloaded assembly
- Completed reload, in  1.651 seconds
Domain Reload Profiling:
	ReloadAssembly (1653ms)
		BeginReloadAssembly (190ms)
			ExecutionOrderSort (0ms)
			DisableScriptedObjects (11ms)
			BackupInstance (0ms)
			ReleaseScriptingObjects (0ms)
			CreateAndSetChildDomain (49ms)
		EndReloadAssembly (1309ms)
			LoadAssemblies (115ms)
			RebuildTransferFunctionScriptingTraits (0ms)
			SetupTypeCache (476ms)
			ReleaseScriptCaches (2ms)
			RebuildScriptCaches (72ms)
			SetupLoadedEditorAssemblies (569ms)
				LogAssemblyErrors (0ms)
				InitializePlatformSupportModulesInManaged (32ms)
				SetLoadedEditorAssemblies (1ms)
				RefreshPlugins (1ms)
				BeforeProcessingInitializeOnLoad (112ms)
				ProcessInitializeOnLoadAttributes (371ms)
				ProcessInitializeOnLoadMethodAttributes (43ms)
				AfterProcessingInitializeOnLoad (9ms)
				EditorAssembliesLoaded (0ms)
			ExecutionOrderSort2 (0ms)
			AwakeInstancesAfterBackupRestoration (8ms)
Platform modules already initialized, skipping
Refreshing native plugins compatible for Editor in 3.73 ms, found 3 plugins.
Preloading 0 native plugins for Editor in 0.00 ms.
Unloading 3362 Unused Serialized files (Serialized files now loaded: 0)
Unloading 20 unused Assets / (80.8 KB). Loaded Objects now: 3967.
Memory consumption went from 127.9 MB to 127.9 MB.
Total: 4.909600 ms (FindLiveObjects: 0.328000 ms CreateObjectMapping: 0.200200 ms MarkObjects: 4.172800 ms  DeleteObjects: 0.207100 ms)

AssetImportParameters requested are different than current active one (requested -> active):
  custom:video-decoder-ogg-theora: a1e56fd34408186e4bbccfd4996cb3dc -> 
  custom:container-muxer-webm: aa71ff27fc2769a1b78a27578f13a17b -> 
  custom:container-demuxer-webm: 4f35f7cbe854078d1ac9338744f61a02 -> 
  custom:video-encoder-webm-vp8: eb34c28f22e8b96e1ab97ce403110664 -> 
  custom:audio-encoder-webm-vorbis: bf7c407c2cedff20999df2af8eb42d56 -> 
  custom:framework-win-MediaFoundation: 216162199b28c13a410421893ffa2e32 -> 
  custom:container-demuxer-ogg: 62fdf1f143b41e24485cea50d1cbac27 -> 
  custom:video-decoder-webm-vp8: 9c59270c3fd7afecdb556c50c9e8de78 -> 
  custom:audio-decoder-ogg-vorbis: bf7c407c2cedff20999df2af8eb42d56 -> 
