Using pre-set license
Built from '2021.3/staging' branch; Version is '2021.3.16f1 (4016570cf34f) revision 4200023'; Using compiler version '192829333'; Build Type 'Release'
OS: 'Windows 11  (10.0.22621) 64bit Professional' Language: 'es' Physical Memory: 32535 MB
BatchMode: 1, IsHumanControllingUs: 0, StartBugReporterOnCrash: 0, Is64bit: 1, IsPro: 1

COMMAND LINE ARGUMENTS:
C:\Program Files\Unity 2021.3.16f1\Editor\Unity.exe
-adb2
-batchMode
-noUpm
-name
AssetImportWorker1
-projectPath
C:/Users/Ale/Desktop/3V/IAV/Proyecto Final/MeyerManoir
-logFile
Logs/AssetImportWorker1.log
-srvPort
63100
Successfully changed project path to: C:/Users/Ale/Desktop/3V/IAV/Proyecto Final/MeyerManoir
C:/Users/Ale/Desktop/3V/IAV/Proyecto Final/MeyerManoir
[UnityMemory] Configuration Parameters - Can be set up in boot.config
    "memorysetup-bucket-allocator-granularity=16"
    "memorysetup-bucket-allocator-bucket-count=8"
    "memorysetup-bucket-allocator-block-size=33554432"
    "memorysetup-bucket-allocator-block-count=8"
    "memorysetup-main-allocator-block-size=16777216"
    "memorysetup-thread-allocator-block-size=16777216"
    "memorysetup-gfx-main-allocator-block-size=16777216"
    "memorysetup-gfx-thread-allocator-block-size=16777216"
    "memorysetup-cache-allocator-block-size=4194304"
    "memorysetup-typetree-allocator-block-size=2097152"
    "memorysetup-profiler-bucket-allocator-granularity=16"
    "memorysetup-profiler-bucket-allocator-bucket-count=8"
    "memorysetup-profiler-bucket-allocator-block-size=33554432"
    "memorysetup-profiler-bucket-allocator-block-count=8"
    "memorysetup-profiler-allocator-block-size=16777216"
    "memorysetup-profiler-editor-allocator-block-size=1048576"
    "memorysetup-temp-allocator-size-main=16777216"
    "memorysetup-job-temp-allocator-block-size=2097152"
    "memorysetup-job-temp-allocator-block-size-background=1048576"
    "memorysetup-job-temp-allocator-reduction-small-platforms=262144"
    "memorysetup-temp-allocator-size-background-worker=32768"
    "memorysetup-temp-allocator-size-job-worker=262144"
    "memorysetup-temp-allocator-size-preload-manager=33554432"
    "memorysetup-temp-allocator-size-nav-mesh-worker=65536"
    "memorysetup-temp-allocator-size-audio-worker=65536"
    "memorysetup-temp-allocator-size-cloud-worker=32768"
    "memorysetup-temp-allocator-size-gi-baking-worker=262144"
    "memorysetup-temp-allocator-size-gfx=262144"
Player connection [72732] Host "[IP] 192.168.56.1 [Port] 0 [Flags] 2 [Guid] 2241249386 [EditorId] 2241249386 [Version] 1048832 [Id] WindowsEditor(7,DESKTOP-6J2VOMN) [Debug] 1 [PackageName] WindowsEditor [ProjectName] Editor" joined multi-casting on [225.0.0.222:54997]...

Player connection [72732] Host "[IP] 192.168.56.1 [Port] 0 [Flags] 2 [Guid] 2241249386 [EditorId] 2241249386 [Version] 1048832 [Id] WindowsEditor(7,DESKTOP-6J2VOMN) [Debug] 1 [PackageName] WindowsEditor [ProjectName] Editor" joined alternative multi-casting on [225.0.0.222:34997]...

Refreshing native plugins compatible for Editor in 120.75 ms, found 3 plugins.
Preloading 0 native plugins for Editor in 0.00 ms.
Initialize engine version: 2021.3.16f1 (4016570cf34f)
[Subsystems] Discovering subsystems at path C:/Program Files/Unity 2021.3.16f1/Editor/Data/Resources/UnitySubsystems
[Subsystems] Discovering subsystems at path C:/Users/Ale/Desktop/3V/IAV/Proyecto Final/MeyerManoir/Assets
GfxDevice: creating device client; threaded=0; jobified=0
Direct3D:
    Version:  Direct3D 11.0 [level 11.1]
    Renderer: NVIDIA GeForce GTX 1660 Ti with Max-Q Design (ID=0x2191)
    Vendor:   NVIDIA
    VRAM:     5979 MB
    Driver:   31.0.15.2849
Initialize mono
Mono path[0] = 'C:/Program Files/Unity 2021.3.16f1/Editor/Data/Managed'
Mono path[1] = 'C:/Program Files/Unity 2021.3.16f1/Editor/Data/MonoBleedingEdge/lib/mono/unityjit-win32'
Mono config path = 'C:/Program Files/Unity 2021.3.16f1/Editor/Data/MonoBleedingEdge/etc'
Using monoOptions --debugger-agent=transport=dt_socket,embedding=1,server=y,suspend=n,address=127.0.0.1:56404
Begin MonoManager ReloadAssembly
Registering precompiled unity dll's ...
Register platform support module: C:/Program Files/Unity 2021.3.16f1/Editor/Data/PlaybackEngines/AndroidPlayer/UnityEditor.Android.Extensions.dll
Register platform support module: C:/Program Files/Unity 2021.3.16f1/Editor/Data/PlaybackEngines/WindowsStandaloneSupport/UnityEditor.WindowsStandalone.Extensions.dll
Registered in 0.009299 seconds.
Native extension for WindowsStandalone target not found
Native extension for Android target not found
Refreshing native plugins compatible for Editor in 121.12 ms, found 3 plugins.
Preloading 0 native plugins for Editor in 0.00 ms.
Mono: successfully reloaded assembly
- Completed reload, in  1.567 seconds
Domain Reload Profiling:
	ReloadAssembly (1567ms)
		BeginReloadAssembly (456ms)
			ExecutionOrderSort (0ms)
			DisableScriptedObjects (0ms)
			BackupInstance (0ms)
			ReleaseScriptingObjects (0ms)
			CreateAndSetChildDomain (9ms)
		EndReloadAssembly (788ms)
			LoadAssemblies (441ms)
			RebuildTransferFunctionScriptingTraits (0ms)
			SetupTypeCache (224ms)
			ReleaseScriptCaches (0ms)
			RebuildScriptCaches (44ms)
			SetupLoadedEditorAssemblies (432ms)
				LogAssemblyErrors (0ms)
				InitializePlatformSupportModulesInManaged (67ms)
				SetLoadedEditorAssemblies (0ms)
				RefreshPlugins (121ms)
				BeforeProcessingInitializeOnLoad (2ms)
				ProcessInitializeOnLoadAttributes (166ms)
				ProcessInitializeOnLoadMethodAttributes (76ms)
				AfterProcessingInitializeOnLoad (0ms)
				EditorAssembliesLoaded (0ms)
			ExecutionOrderSort2 (0ms)
			AwakeInstancesAfterBackupRestoration (0ms)
Platform modules already initialized, skipping
Registering precompiled user dll's ...
Registered in 0.007858 seconds.
Begin MonoManager ReloadAssembly
Symbol file LoadedFromMemory doesn't match image C:\Users\Ale\Desktop\3V\IAV\Proyecto Final\MeyerManoir\Library\PackageCache\com.unity.visualscripting@1.7.8\Editor\VisualScripting.Core\Dependencies\YamlDotNet\Unity.VisualScripting.YamlDotNet.dll
Symbol file LoadedFromMemory doesn't match image C:\Users\Ale\Desktop\3V\IAV\Proyecto Final\MeyerManoir\Library\PackageCache\com.unity.visualscripting@1.7.8\Editor\VisualScripting.Core\Dependencies\DotNetZip\Unity.VisualScripting.IonicZip.dll
Native extension for WindowsStandalone target not found
Native extension for Android target not found
Refreshing native plugins compatible for Editor in 0.70 ms, found 3 plugins.
Preloading 0 native plugins for Editor in 0.00 ms.
Mono: successfully reloaded assembly
- Completed reload, in  1.667 seconds
Domain Reload Profiling:
	ReloadAssembly (1668ms)
		BeginReloadAssembly (158ms)
			ExecutionOrderSort (0ms)
			DisableScriptedObjects (9ms)
			BackupInstance (0ms)
			ReleaseScriptingObjects (0ms)
			CreateAndSetChildDomain (25ms)
		EndReloadAssembly (1344ms)
			LoadAssemblies (111ms)
			RebuildTransferFunctionScriptingTraits (0ms)
			SetupTypeCache (486ms)
			ReleaseScriptCaches (1ms)
			RebuildScriptCaches (79ms)
			SetupLoadedEditorAssemblies (601ms)
				LogAssemblyErrors (0ms)
				InitializePlatformSupportModulesInManaged (24ms)
				SetLoadedEditorAssemblies (1ms)
				RefreshPlugins (1ms)
				BeforeProcessingInitializeOnLoad (134ms)
				ProcessInitializeOnLoadAttributes (396ms)
				ProcessInitializeOnLoadMethodAttributes (38ms)
				AfterProcessingInitializeOnLoad (8ms)
				EditorAssembliesLoaded (0ms)
			ExecutionOrderSort2 (0ms)
			AwakeInstancesAfterBackupRestoration (8ms)
Platform modules already initialized, skipping
========================================================================
Worker process is ready to serve import requests
Launched and connected shader compiler UnityShaderCompiler.exe after 0.09 seconds
Refreshing native plugins compatible for Editor in 0.71 ms, found 3 plugins.
Preloading 0 native plugins for Editor in 0.00 ms.
Unloading 3361 Unused Serialized files (Serialized files now loaded: 0)
Unloading 27 unused Assets / (113.3 KB). Loaded Objects now: 3820.
Memory consumption went from 115.7 MB to 115.6 MB.
Total: 4.096200 ms (FindLiveObjects: 0.348600 ms CreateObjectMapping: 0.316200 ms MarkObjects: 3.309300 ms  DeleteObjects: 0.120900 ms)

AssetImportParameters requested are different than current active one (requested -> active):
  custom:video-decoder-ogg-theora: a1e56fd34408186e4bbccfd4996cb3dc -> 
  custom:container-muxer-webm: aa71ff27fc2769a1b78a27578f13a17b -> 
  custom:container-demuxer-webm: 4f35f7cbe854078d1ac9338744f61a02 -> 
  custom:video-encoder-webm-vp8: eb34c28f22e8b96e1ab97ce403110664 -> 
  custom:audio-encoder-webm-vorbis: bf7c407c2cedff20999df2af8eb42d56 -> 
  custom:framework-win-MediaFoundation: 216162199b28c13a410421893ffa2e32 -> 
  custom:container-demuxer-ogg: 62fdf1f143b41e24485cea50d1cbac27 -> 
  custom:video-decoder-webm-vp8: 9c59270c3fd7afecdb556c50c9e8de78 -> 
  custom:audio-decoder-ogg-vorbis: bf7c407c2cedff20999df2af8eb42d56 -> 
========================================================================
Received Import Request.
  Time since last request: 3807774.968708 seconds.
  path: Assets/door.png
  artifactKey: Guid(a67097fa5e338394e8cadf1d4249121b) Importer(815301076,1909f56bfc062723c751e8b465ee728b)
Start importing Assets/door.png using Guid(a67097fa5e338394e8cadf1d4249121b) Importer(815301076,1909f56bfc062723c751e8b465ee728b)  -> (artifact id: '4f867be1b9f458770ad406fcb5980473') in 0.355428 seconds 
========================================================================
Received Import Request.
  Time since last request: 0.000115 seconds.
  path: Assets/mansion1.png
  artifactKey: Guid(1ac6f9f724570474bb783402cbdaa8d2) Importer(815301076,1909f56bfc062723c751e8b465ee728b)
Start importing Assets/mansion1.png using Guid(1ac6f9f724570474bb783402cbdaa8d2) Importer(815301076,1909f56bfc062723c751e8b465ee728b)  -> (artifact id: '9be7da083d69b98e967022d452d8cc12') in 0.048493 seconds 
========================================================================
Received Import Request.
  Time since last request: 0.000060 seconds.
  path: Assets/roka.png
  artifactKey: Guid(9e2819d6b8e5a7e44846e347c8f9cabe) Importer(815301076,1909f56bfc062723c751e8b465ee728b)
Start importing Assets/roka.png using Guid(9e2819d6b8e5a7e44846e347c8f9cabe) Importer(815301076,1909f56bfc062723c751e8b465ee728b)  -> (artifact id: '877ae4f6e448b57a616ec276caed4e7b') in 0.021699 seconds 
========================================================================
Received Import Request.
  Time since last request: 0.000042 seconds.
  path: Assets/doro.png
  artifactKey: Guid(0934822e7980aa843a0357bb0fb32ed2) Importer(815301076,1909f56bfc062723c751e8b465ee728b)
Start importing Assets/doro.png using Guid(0934822e7980aa843a0357bb0fb32ed2) Importer(815301076,1909f56bfc062723c751e8b465ee728b)  -> (artifact id: 'b4bbeb64dee04bdfdeb222e116ed88b7') in 0.024542 seconds 
========================================================================
Received Import Request.
  Time since last request: 0.000039 seconds.
  path: Assets/heri.png
  artifactKey: Guid(b4226e11363a684459426b2bd8b70a76) Importer(815301076,1909f56bfc062723c751e8b465ee728b)
Start importing Assets/heri.png using Guid(b4226e11363a684459426b2bd8b70a76) Importer(815301076,1909f56bfc062723c751e8b465ee728b)  -> (artifact id: 'cddaf51951d5f889488ca5fe610c9d0a') in 0.019394 seconds 
========================================================================
Received Import Request.
  Time since last request: 0.000103 seconds.
  path: Assets/tree.png
  artifactKey: Guid(f8ebe603d1b3be74b9e5b73253318ac4) Importer(815301076,1909f56bfc062723c751e8b465ee728b)
Start importing Assets/tree.png using Guid(f8ebe603d1b3be74b9e5b73253318ac4) Importer(815301076,1909f56bfc062723c751e8b465ee728b)  -> (artifact id: '2e523204316c0388a284eb45c697c571') in 0.022856 seconds 
========================================================================
Received Import Request.
  Time since last request: 0.000038 seconds.
  path: Assets/wall.png
  artifactKey: Guid(4dab42d9e07df024b9731925ce0296e0) Importer(815301076,1909f56bfc062723c751e8b465ee728b)
Start importing Assets/wall.png using Guid(4dab42d9e07df024b9731925ce0296e0) Importer(815301076,1909f56bfc062723c751e8b465ee728b)  -> (artifact id: 'f51788466fae308d096721a4077807f2') in 0.020635 seconds 
========================================================================
Received Import Request.
  Time since last request: 0.000024 seconds.
  path: Assets/yane.png
  artifactKey: Guid(8d6a66bfe8fca9845821d05d31ae1a2e) Importer(815301076,1909f56bfc062723c751e8b465ee728b)
Start importing Assets/yane.png using Guid(8d6a66bfe8fca9845821d05d31ae1a2e) Importer(815301076,1909f56bfc062723c751e8b465ee728b)  -> (artifact id: '1b2f927ee7caa07bba43db274d2ae82a') in 0.021340 seconds 
========================================================================
Received Import Request.
  Time since last request: 0.000032 seconds.
  path: Assets/road.png
  artifactKey: Guid(333881c32446bd74890792ef350399eb) Importer(815301076,1909f56bfc062723c751e8b465ee728b)
Start importing Assets/road.png using Guid(333881c32446bd74890792ef350399eb) Importer(815301076,1909f56bfc062723c751e8b465ee728b)  -> (artifact id: '96c5af9db8778b3012bcae7489c8054f') in 0.025289 seconds 
========================================================================
Received Import Request.
  Time since last request: 0.000032 seconds.
  path: Assets/grass_heri.png
  artifactKey: Guid(94493fe4560f57f4eb27f7f06009a329) Importer(815301076,1909f56bfc062723c751e8b465ee728b)
Start importing Assets/grass_heri.png using Guid(94493fe4560f57f4eb27f7f06009a329) Importer(815301076,1909f56bfc062723c751e8b465ee728b)  -> (artifact id: 'f42012dbc37ee151492f18f6c82f0a0c') in 0.019431 seconds 
========================================================================
Received Import Request.
  Time since last request: 0.000050 seconds.
  path: Assets/marikar.png
  artifactKey: Guid(455b8690a33d32046a39a2681d45f5fd) Importer(815301076,1909f56bfc062723c751e8b465ee728b)
Start importing Assets/marikar.png using Guid(455b8690a33d32046a39a2681d45f5fd) Importer(815301076,1909f56bfc062723c751e8b465ee728b)  -> (artifact id: 'bfb0cd8d978db585746948e00e7f3806') in 0.022799 seconds 
========================================================================
Received Import Request.
  Time since last request: 774.954788 seconds.
  path: Assets/Materials/door.png
  artifactKey: Guid(cc8b0b973022cec459664895579b87d8) Importer(815301076,1909f56bfc062723c751e8b465ee728b)
Start importing Assets/Materials/door.png using Guid(cc8b0b973022cec459664895579b87d8) Importer(815301076,1909f56bfc062723c751e8b465ee728b)  -> (artifact id: '91cb30ead1ff1b5875b8c8329a2397aa') in 0.026603 seconds 
========================================================================
Received Import Request.
  Time since last request: 0.000050 seconds.
  path: Assets/Materials/isigaki.png
  artifactKey: Guid(15fe7219e2a856d48958d94eedb14865) Importer(815301076,1909f56bfc062723c751e8b465ee728b)
Start importing Assets/Materials/isigaki.png using Guid(15fe7219e2a856d48958d94eedb14865) Importer(815301076,1909f56bfc062723c751e8b465ee728b)  -> (artifact id: '69a9c96908251299a687ec6b4bd786ed') in 0.016750 seconds 
========================================================================
Received Import Request.
  Time since last request: 0.000039 seconds.
  path: Assets/Materials/roka.png
  artifactKey: Guid(ac0fca126259a9e4480894db4a82ec37) Importer(815301076,1909f56bfc062723c751e8b465ee728b)
Start importing Assets/Materials/roka.png using Guid(ac0fca126259a9e4480894db4a82ec37) Importer(815301076,1909f56bfc062723c751e8b465ee728b)  -> (artifact id: '4335e554c5d7a951cb43d1d20487ff01') in 0.012896 seconds 
========================================================================
Received Import Request.
  Time since last request: 0.000043 seconds.
  path: Assets/Materials/grass.png
  artifactKey: Guid(c947dd7a5678caa4dafc000e3904efe2) Importer(815301076,1909f56bfc062723c751e8b465ee728b)
Start importing Assets/Materials/grass.png using Guid(c947dd7a5678caa4dafc000e3904efe2) Importer(815301076,1909f56bfc062723c751e8b465ee728b)  -> (artifact id: '5f56642ffd8f130fd70a3b8ec1c9e501') in 0.020726 seconds 
========================================================================
Received Import Request.
  Time since last request: 0.000104 seconds.
  path: Assets/Materials/tree.png
  artifactKey: Guid(8a562048ee7bea049b1a391f5e143597) Importer(815301076,1909f56bfc062723c751e8b465ee728b)
Start importing Assets/Materials/tree.png using Guid(8a562048ee7bea049b1a391f5e143597) Importer(815301076,1909f56bfc062723c751e8b465ee728b)  -> (artifact id: 'b22549b4d18051fdf1202f9835570b32') in 0.030630 seconds 
========================================================================
Received Import Request.
  Time since last request: 0.000057 seconds.
  path: Assets/Materials/isinaka.png
  artifactKey: Guid(0b4772776d438da4fa2d8d0c30c8abb0) Importer(815301076,1909f56bfc062723c751e8b465ee728b)
Start importing Assets/Materials/isinaka.png using Guid(0b4772776d438da4fa2d8d0c30c8abb0) Importer(815301076,1909f56bfc062723c751e8b465ee728b)  -> (artifact id: '7c88970f5be262beecc66381ea2c43f4') in 0.022820 seconds 
========================================================================
Received Import Request.
  Time since last request: 0.000034 seconds.
  path: Assets/Materials/picture.png
  artifactKey: Guid(087d685a0ac78d94cb6e6ba19dd41d9d) Importer(815301076,1909f56bfc062723c751e8b465ee728b)
Start importing Assets/Materials/picture.png using Guid(087d685a0ac78d94cb6e6ba19dd41d9d) Importer(815301076,1909f56bfc062723c751e8b465ee728b)  -> (artifact id: '0e6e4861677de83a07ec5864b3067072') in 0.015229 seconds 
========================================================================
Received Import Request.
  Time since last request: 0.000035 seconds.
  path: Assets/Materials/saku2.png
  artifactKey: Guid(b1e856c97a3bda642bc8f0c59cc83849) Importer(815301076,1909f56bfc062723c751e8b465ee728b)
Start importing Assets/Materials/saku2.png using Guid(b1e856c97a3bda642bc8f0c59cc83849) Importer(815301076,1909f56bfc062723c751e8b465ee728b)  -> (artifact id: 'cad89322b2adcbd65ae976e6b673ed08') in 0.030551 seconds 
========================================================================
Received Import Request.
  Time since last request: 0.000038 seconds.
  path: Assets/Materials/tobira.png
  artifactKey: Guid(ec5d3e6ae30ee7e449980dd7063a7df4) Importer(815301076,1909f56bfc062723c751e8b465ee728b)
Start importing Assets/Materials/tobira.png using Guid(ec5d3e6ae30ee7e449980dd7063a7df4) Importer(815301076,1909f56bfc062723c751e8b465ee728b)  -> (artifact id: '1454ce818d736ad62f58a7dea35f6440') in 0.030671 seconds 
========================================================================
Received Import Request.
  Time since last request: 0.000046 seconds.
  path: Assets/Materials/mansion3.png
  artifactKey: Guid(4ae55e379ae81ab45aeec12133c80e63) Importer(815301076,1909f56bfc062723c751e8b465ee728b)
Start importing Assets/Materials/mansion3.png using Guid(4ae55e379ae81ab45aeec12133c80e63) Importer(815301076,1909f56bfc062723c751e8b465ee728b)  -> (artifact id: '487ecb885fff01c57e933d453f4d8493') in 0.036106 seconds 
========================================================================
Received Import Request.
  Time since last request: 0.000043 seconds.
  path: Assets/Materials/yuka3.png
  artifactKey: Guid(97103ae1932e1cd49a4218fdb349e98b) Importer(815301076,1909f56bfc062723c751e8b465ee728b)
Start importing Assets/Materials/yuka3.png using Guid(97103ae1932e1cd49a4218fdb349e98b) Importer(815301076,1909f56bfc062723c751e8b465ee728b)  -> (artifact id: '8f84ca6dad23d60c2f45457c4ae08115') in 0.021726 seconds 
========================================================================
Received Import Request.
  Time since last request: 0.000031 seconds.
  path: Assets/Materials/yuka2.png
  artifactKey: Guid(03cac3ae4d7883d4b9fdbed370dec1d9) Importer(815301076,1909f56bfc062723c751e8b465ee728b)
Start importing Assets/Materials/yuka2.png using Guid(03cac3ae4d7883d4b9fdbed370dec1d9) Importer(815301076,1909f56bfc062723c751e8b465ee728b)  -> (artifact id: '82dcf07aedd7886b39ab84b310055b24') in 0.019431 seconds 
========================================================================
Received Import Request.
  Time since last request: 0.000053 seconds.
  path: Assets/Materials/heri.png
  artifactKey: Guid(05df350132a49604dac2dd3930924826) Importer(815301076,1909f56bfc062723c751e8b465ee728b)
Start importing Assets/Materials/heri.png using Guid(05df350132a49604dac2dd3930924826) Importer(815301076,1909f56bfc062723c751e8b465ee728b)  -> (artifact id: '7f5a8772e3a38be295a1a7a8304ff629') in 0.011248 seconds 
========================================================================
Received Import Request.
  Time since last request: 0.000039 seconds.
  path: Assets/Materials/mado_l.png
  artifactKey: Guid(17fe55a11adaa5d48afddc4ae57b4a8a) Importer(815301076,1909f56bfc062723c751e8b465ee728b)
Start importing Assets/Materials/mado_l.png using Guid(17fe55a11adaa5d48afddc4ae57b4a8a) Importer(815301076,1909f56bfc062723c751e8b465ee728b)  -> (artifact id: '341e747bc4010fb9ba63fe7ac6249232') in 0.018591 seconds 
========================================================================
Received Import Request.
  Time since last request: 65.203702 seconds.
  path: Assets/Materials/New Material.mat
  artifactKey: Guid(75d3238b61006174a9aaeb07012ee683) Importer(815301076,1909f56bfc062723c751e8b465ee728b)
Start importing Assets/Materials/New Material.mat using Guid(75d3238b61006174a9aaeb07012ee683) Importer(815301076,1909f56bfc062723c751e8b465ee728b)  -> (artifact id: '72502de1ecfd7fdcef16614a967b0a67') in 0.112636 seconds 
========================================================================
Received Import Request.
  Time since last request: 207.180908 seconds.
  path: Assets/Materials/doro.mat
  artifactKey: Guid(a5bd21e131beaad4c980fc4740a8e8f9) Importer(815301076,1909f56bfc062723c751e8b465ee728b)
Start importing Assets/Materials/doro.mat using Guid(a5bd21e131beaad4c980fc4740a8e8f9) Importer(815301076,1909f56bfc062723c751e8b465ee728b)  -> (artifact id: '54c3aa3055a3f2f7e8471460733b3e06') in 0.018266 seconds 
========================================================================
Received Import Request.
  Time since last request: 6374.178090 seconds.
  path: Assets/mansion.fbx
  artifactKey: Guid(6eb595dc32da07d42aa3fa7ff0059d8c) Importer(815301076,1909f56bfc062723c751e8b465ee728b)
Start importing Assets/mansion.fbx using Guid(6eb595dc32da07d42aa3fa7ff0059d8c) Importer(815301076,1909f56bfc062723c751e8b465ee728b)  -> (artifact id: 'cd1b826ff125b9089ea225c0f57d734b') in 0.534169 seconds 
========================================================================
Received Import Request.
  Time since last request: 76.227315 seconds.
  path: Assets/mansion.fbx
  artifactKey: Guid(6eb595dc32da07d42aa3fa7ff0059d8c) Importer(815301076,1909f56bfc062723c751e8b465ee728b)
Start importing Assets/mansion.fbx using Guid(6eb595dc32da07d42aa3fa7ff0059d8c) Importer(815301076,1909f56bfc062723c751e8b465ee728b)  -> (artifact id: 'f7f0c17622d3fc276dcc4c9d0f85862c') in 0.283418 seconds 
========================================================================
Received Import Request.
  Time since last request: 642.149198 seconds.
  path: Assets/mansion.fbx
  artifactKey: Guid(6eb595dc32da07d42aa3fa7ff0059d8c) Importer(815301076,1909f56bfc062723c751e8b465ee728b)
Start importing Assets/mansion.fbx using Guid(6eb595dc32da07d42aa3fa7ff0059d8c) Importer(815301076,1909f56bfc062723c751e8b465ee728b)  -> (artifact id: '96c4433f232709398ea57a305fe3221d') in 0.328463 seconds 
========================================================================
Received Import Request.
  Time since last request: 202.342103 seconds.
  path: Assets/ki_04.png
  artifactKey: Guid(9c2c6a0e2e458a14ba160af7d626f4ea) Importer(815301076,1909f56bfc062723c751e8b465ee728b)
Start importing Assets/ki_04.png using Guid(9c2c6a0e2e458a14ba160af7d626f4ea) Importer(815301076,1909f56bfc062723c751e8b465ee728b)  -> (artifact id: '413f9bf0218badcb1a71d99b36a97659') in 0.023250 seconds 
========================================================================
Received Import Request.
  Time since last request: 23.459671 seconds.
  path: Assets/ki_04.png
  artifactKey: Guid(9c2c6a0e2e458a14ba160af7d626f4ea) Importer(815301076,1909f56bfc062723c751e8b465ee728b)
Start importing Assets/ki_04.png using Guid(9c2c6a0e2e458a14ba160af7d626f4ea) Importer(815301076,1909f56bfc062723c751e8b465ee728b)  -> (artifact id: '2646ad1f4101ec5495d23e491a935c85') in 0.017295 seconds 
========================================================================
Received Import Request.
  Time since last request: 3.875629 seconds.
  path: Assets/ki_04.png
  artifactKey: Guid(9c2c6a0e2e458a14ba160af7d626f4ea) Importer(815301076,1909f56bfc062723c751e8b465ee728b)
Start importing Assets/ki_04.png using Guid(9c2c6a0e2e458a14ba160af7d626f4ea) Importer(815301076,1909f56bfc062723c751e8b465ee728b)  -> (artifact id: 'f4ba9e2800ead651adb0cff123725901') in 0.015950 seconds 
========================================================================
Received Import Request.
  Time since last request: 2.789214 seconds.
  path: Assets/ki_04.png
  artifactKey: Guid(9c2c6a0e2e458a14ba160af7d626f4ea) Importer(815301076,1909f56bfc062723c751e8b465ee728b)
Start importing Assets/ki_04.png using Guid(9c2c6a0e2e458a14ba160af7d626f4ea) Importer(815301076,1909f56bfc062723c751e8b465ee728b)  -> (artifact id: '4c2983987a54d4908578d9272b87b113') in 0.015578 seconds 
========================================================================
Received Import Request.
  Time since last request: 17.975607 seconds.
  path: Assets/ki_04.png
  artifactKey: Guid(9c2c6a0e2e458a14ba160af7d626f4ea) Importer(815301076,1909f56bfc062723c751e8b465ee728b)
Start importing Assets/ki_04.png using Guid(9c2c6a0e2e458a14ba160af7d626f4ea) Importer(815301076,1909f56bfc062723c751e8b465ee728b)  -> (artifact id: 'bae3b2c5d1672d3d42af8a6da30d22e8') in 0.015041 seconds 
========================================================================
Received Import Request.
  Time since last request: 10.293446 seconds.
  path: Assets/ki_04.png
  artifactKey: Guid(9c2c6a0e2e458a14ba160af7d626f4ea) Importer(815301076,1909f56bfc062723c751e8b465ee728b)
Start importing Assets/ki_04.png using Guid(9c2c6a0e2e458a14ba160af7d626f4ea) Importer(815301076,1909f56bfc062723c751e8b465ee728b)  -> (artifact id: 'dd4a75b501973fd4cc2ea8c88c6b4499') in 0.016290 seconds 
========================================================================
Received Import Request.
  Time since last request: 6.113572 seconds.
  path: Assets/ki_04.png
  artifactKey: Guid(9c2c6a0e2e458a14ba160af7d626f4ea) Importer(815301076,1909f56bfc062723c751e8b465ee728b)
Start importing Assets/ki_04.png using Guid(9c2c6a0e2e458a14ba160af7d626f4ea) Importer(815301076,1909f56bfc062723c751e8b465ee728b)  -> (artifact id: '767333de143720bd807f3430bf1ef531') in 0.016674 seconds 
========================================================================
Received Import Request.
  Time since last request: 8.922432 seconds.
  path: Assets/ki_04.png
  artifactKey: Guid(9c2c6a0e2e458a14ba160af7d626f4ea) Importer(815301076,1909f56bfc062723c751e8b465ee728b)
Start importing Assets/ki_04.png using Guid(9c2c6a0e2e458a14ba160af7d626f4ea) Importer(815301076,1909f56bfc062723c751e8b465ee728b)  -> (artifact id: '0d10767cd59ab9d758a19b0ffd467d11') in 0.014827 seconds 
========================================================================
Received Import Request.
  Time since last request: 2.524590 seconds.
  path: Assets/ki_04.png
  artifactKey: Guid(9c2c6a0e2e458a14ba160af7d626f4ea) Importer(815301076,1909f56bfc062723c751e8b465ee728b)
Start importing Assets/ki_04.png using Guid(9c2c6a0e2e458a14ba160af7d626f4ea) Importer(815301076,1909f56bfc062723c751e8b465ee728b)  -> (artifact id: 'd1fba86e25f89aac473868d7c90e8d49') in 0.016439 seconds 
========================================================================
Received Import Request.
  Time since last request: 53.454968 seconds.
  path: Assets/ki_04.png
  artifactKey: Guid(9c2c6a0e2e458a14ba160af7d626f4ea) Importer(815301076,1909f56bfc062723c751e8b465ee728b)
Start importing Assets/ki_04.png using Guid(9c2c6a0e2e458a14ba160af7d626f4ea) Importer(815301076,1909f56bfc062723c751e8b465ee728b)  -> (artifact id: '130fdf074bd71da056051d55e68c0c2b') in 0.017320 seconds 
========================================================================
Received Import Request.
  Time since last request: 7.597235 seconds.
  path: Assets/ki_04.png
  artifactKey: Guid(9c2c6a0e2e458a14ba160af7d626f4ea) Importer(815301076,1909f56bfc062723c751e8b465ee728b)
Start importing Assets/ki_04.png using Guid(9c2c6a0e2e458a14ba160af7d626f4ea) Importer(815301076,1909f56bfc062723c751e8b465ee728b)  -> (artifact id: '7d7822f86eb28f3fdb8c66eb063d2208') in 0.017774 seconds 
========================================================================
Received Import Request.
  Time since last request: 42.402592 seconds.
  path: Assets/New Material.mat
  artifactKey: Guid(6e640370d3d96804dac6aad93da7a96c) Importer(815301076,1909f56bfc062723c751e8b465ee728b)
Start importing Assets/New Material.mat using Guid(6e640370d3d96804dac6aad93da7a96c) Importer(815301076,1909f56bfc062723c751e8b465ee728b)  -> (artifact id: 'e928aaa1f481040f3e18fd5dae08657d') in 0.017955 seconds 
========================================================================
Received Import Request.
  Time since last request: 59.519261 seconds.
  path: Assets/New Material.mat
  artifactKey: Guid(6e640370d3d96804dac6aad93da7a96c) Importer(815301076,1909f56bfc062723c751e8b465ee728b)
Start importing Assets/New Material.mat using Guid(6e640370d3d96804dac6aad93da7a96c) Importer(815301076,1909f56bfc062723c751e8b465ee728b)  -> (artifact id: '2f9a7390e765dccd45793916687c27f3') in 0.357907 seconds 
========================================================================
Received Import Request.
  Time since last request: 10.886499 seconds.
  path: Assets/Lianas.mat
  artifactKey: Guid(6e640370d3d96804dac6aad93da7a96c) Importer(815301076,1909f56bfc062723c751e8b465ee728b)
Start importing Assets/Lianas.mat using Guid(6e640370d3d96804dac6aad93da7a96c) Importer(815301076,1909f56bfc062723c751e8b465ee728b)  -> (artifact id: 'f95a1e91419417700ca4b0c9872a67a0') in 0.018888 seconds 
========================================================================
Received Import Request.
  Time since last request: 11.860302 seconds.
  path: Assets/Textures
  artifactKey: Guid(1bdf85eee4c2dbe43b38258b619021e3) Importer(815301076,1909f56bfc062723c751e8b465ee728b)
Start importing Assets/Textures using Guid(1bdf85eee4c2dbe43b38258b619021e3) Importer(815301076,1909f56bfc062723c751e8b465ee728b)  -> (artifact id: '58b8e461e81b0c873864c509432c1513') in 0.010331 seconds 
========================================================================
Received Import Request.
  Time since last request: 212.272147 seconds.
  path: Assets/Materials/ki_04.mat
  artifactKey: Guid(740296d3910dda64fadbae3f4769a55e) Importer(815301076,1909f56bfc062723c751e8b465ee728b)
Start importing Assets/Materials/ki_04.mat using Guid(740296d3910dda64fadbae3f4769a55e) Importer(815301076,1909f56bfc062723c751e8b465ee728b)  -> (artifact id: '0aa1087f5090fb8668390b9cf8d1a67a') in 0.019200 seconds 
========================================================================
Received Import Request.
  Time since last request: 0.000030 seconds.
  path: Assets/Materials/tree.mat
  artifactKey: Guid(c6769012f4db7a341a6f6659af98a450) Importer(815301076,1909f56bfc062723c751e8b465ee728b)
Start importing Assets/Materials/tree.mat using Guid(c6769012f4db7a341a6f6659af98a450) Importer(815301076,1909f56bfc062723c751e8b465ee728b)  -> (artifact id: '0fd87b4f5b4c5cc1be3d4716f363cb21') in 0.018835 seconds 
========================================================================
Received Import Request.
  Time since last request: 14.346930 seconds.
  path: Assets/Materials/ki_04.mat
  artifactKey: Guid(740296d3910dda64fadbae3f4769a55e) Importer(815301076,1909f56bfc062723c751e8b465ee728b)
Start importing Assets/Materials/ki_04.mat using Guid(740296d3910dda64fadbae3f4769a55e) Importer(815301076,1909f56bfc062723c751e8b465ee728b)  -> (artifact id: '20919d00bc0a06c63ac359bf3e6d08cf') in 0.229484 seconds 
========================================================================
Received Import Request.
  Time since last request: 32.245225 seconds.
  path: Assets/Materials/Materials
  artifactKey: Guid(7dc43ed5c171ac94990151412f79c4b0) Importer(815301076,1909f56bfc062723c751e8b465ee728b)
Start importing Assets/Materials/Materials using Guid(7dc43ed5c171ac94990151412f79c4b0) Importer(815301076,1909f56bfc062723c751e8b465ee728b)  -> (artifact id: 'b19a82f09dd5312005aa57bca35112dd') in 0.003190 seconds 
========================================================================
Received Import Request.
  Time since last request: 0.089657 seconds.
  path: Assets/Materials/Materials/haka.mat
  artifactKey: Guid(9c2d9396a8684914c9aa632a6e9ecb6c) Importer(815301076,1909f56bfc062723c751e8b465ee728b)
Start importing Assets/Materials/Materials/haka.mat using Guid(9c2d9396a8684914c9aa632a6e9ecb6c) Importer(815301076,1909f56bfc062723c751e8b465ee728b)  -> (artifact id: '14e2d903f3517e7f8d4126a9d51acd41') in 0.017046 seconds 
========================================================================
Received Prepare
Registering precompiled user dll's ...
Registered in 0.007809 seconds.
Begin MonoManager ReloadAssembly
Symbol file LoadedFromMemory doesn't match image C:\Users\Ale\Desktop\3V\IAV\Proyecto Final\MeyerManoir\Library\PackageCache\com.unity.visualscripting@1.7.8\Editor\VisualScripting.Core\Dependencies\YamlDotNet\Unity.VisualScripting.YamlDotNet.dll
Symbol file LoadedFromMemory doesn't match image C:\Users\Ale\Desktop\3V\IAV\Proyecto Final\MeyerManoir\Library\PackageCache\com.unity.visualscripting@1.7.8\Editor\VisualScripting.Core\Dependencies\DotNetZip\Unity.VisualScripting.IonicZip.dll
Native extension for WindowsStandalone target not found
Native extension for Android target not found
Refreshing native plugins compatible for Editor in 0.73 ms, found 3 plugins.
Preloading 0 native plugins for Editor in 0.00 ms.
Mono: successfully reloaded assembly
- Completed reload, in  1.802 seconds
Domain Reload Profiling:
	ReloadAssembly (1804ms)
		BeginReloadAssembly (368ms)
			ExecutionOrderSort (0ms)
			DisableScriptedObjects (17ms)
			BackupInstance (0ms)
			ReleaseScriptingObjects (0ms)
			CreateAndSetChildDomain (148ms)
		EndReloadAssembly (1282ms)
			LoadAssemblies (150ms)
			RebuildTransferFunctionScriptingTraits (0ms)
			SetupTypeCache (476ms)
			ReleaseScriptCaches (2ms)
			RebuildScriptCaches (70ms)
			SetupLoadedEditorAssemblies (544ms)
				LogAssemblyErrors (0ms)
				InitializePlatformSupportModulesInManaged (33ms)
				SetLoadedEditorAssemblies (1ms)
				RefreshPlugins (1ms)
				BeforeProcessingInitializeOnLoad (109ms)
				ProcessInitializeOnLoadAttributes (352ms)
				ProcessInitializeOnLoadMethodAttributes (38ms)
				AfterProcessingInitializeOnLoad (10ms)
				EditorAssembliesLoaded (0ms)
			ExecutionOrderSort2 (0ms)
			AwakeInstancesAfterBackupRestoration (8ms)
Platform modules already initialized, skipping
Refreshing native plugins compatible for Editor in 2.70 ms, found 3 plugins.
Preloading 0 native plugins for Editor in 0.00 ms.
Unloading 3356 Unused Serialized files (Serialized files now loaded: 0)
Unloading 20 unused Assets / (79.8 KB). Loaded Objects now: 3878.
Memory consumption went from 120.6 MB to 120.5 MB.
Total: 5.507800 ms (FindLiveObjects: 0.304200 ms CreateObjectMapping: 0.293900 ms MarkObjects: 4.808900 ms  DeleteObjects: 0.099800 ms)

AssetImportParameters requested are different than current active one (requested -> active):
  custom:video-decoder-ogg-theora: a1e56fd34408186e4bbccfd4996cb3dc -> 
  custom:container-muxer-webm: aa71ff27fc2769a1b78a27578f13a17b -> 
  custom:container-demuxer-webm: 4f35f7cbe854078d1ac9338744f61a02 -> 
  custom:video-encoder-webm-vp8: eb34c28f22e8b96e1ab97ce403110664 -> 
  custom:audio-encoder-webm-vorbis: bf7c407c2cedff20999df2af8eb42d56 -> 
  custom:framework-win-MediaFoundation: 216162199b28c13a410421893ffa2e32 -> 
  custom:container-demuxer-ogg: 62fdf1f143b41e24485cea50d1cbac27 -> 
  custom:video-decoder-webm-vp8: 9c59270c3fd7afecdb556c50c9e8de78 -> 
  custom:audio-decoder-ogg-vorbis: bf7c407c2cedff20999df2af8eb42d56 -> 
========================================================================
Received Prepare
Registering precompiled user dll's ...
Registered in 0.007987 seconds.
Begin MonoManager ReloadAssembly
Symbol file LoadedFromMemory doesn't match image C:\Users\Ale\Desktop\3V\IAV\Proyecto Final\MeyerManoir\Library\PackageCache\com.unity.visualscripting@1.7.8\Editor\VisualScripting.Core\Dependencies\YamlDotNet\Unity.VisualScripting.YamlDotNet.dll
Symbol file LoadedFromMemory doesn't match image C:\Users\Ale\Desktop\3V\IAV\Proyecto Final\MeyerManoir\Library\PackageCache\com.unity.visualscripting@1.7.8\Editor\VisualScripting.Core\Dependencies\DotNetZip\Unity.VisualScripting.IonicZip.dll
Native extension for WindowsStandalone target not found
Native extension for Android target not found
Refreshing native plugins compatible for Editor in 0.69 ms, found 3 plugins.
Preloading 0 native plugins for Editor in 0.00 ms.
Mono: successfully reloaded assembly
- Completed reload, in  1.514 seconds
Domain Reload Profiling:
	ReloadAssembly (1515ms)
		BeginReloadAssembly (194ms)
			ExecutionOrderSort (0ms)
			DisableScriptedObjects (9ms)
			BackupInstance (0ms)
			ReleaseScriptingObjects (0ms)
			CreateAndSetChildDomain (49ms)
		EndReloadAssembly (1177ms)
			LoadAssemblies (127ms)
			RebuildTransferFunctionScriptingTraits (0ms)
			SetupTypeCache (397ms)
			ReleaseScriptCaches (1ms)
			RebuildScriptCaches (74ms)
			SetupLoadedEditorAssemblies (514ms)
				LogAssemblyErrors (0ms)
				InitializePlatformSupportModulesInManaged (34ms)
				SetLoadedEditorAssemblies (1ms)
				RefreshPlugins (1ms)
				BeforeProcessingInitializeOnLoad (109ms)
				ProcessInitializeOnLoadAttributes (326ms)
				ProcessInitializeOnLoadMethodAttributes (34ms)
				AfterProcessingInitializeOnLoad (10ms)
				EditorAssembliesLoaded (0ms)
			ExecutionOrderSort2 (0ms)
			AwakeInstancesAfterBackupRestoration (8ms)
Platform modules already initialized, skipping
Refreshing native plugins compatible for Editor in 2.37 ms, found 3 plugins.
Preloading 0 native plugins for Editor in 0.00 ms.
Unloading 3356 Unused Serialized files (Serialized files now loaded: 0)
Unloading 20 unused Assets / (79.9 KB). Loaded Objects now: 3881.
Memory consumption went from 120.6 MB to 120.6 MB.
Total: 4.971400 ms (FindLiveObjects: 0.316600 ms CreateObjectMapping: 0.221100 ms MarkObjects: 4.334100 ms  DeleteObjects: 0.098500 ms)

AssetImportParameters requested are different than current active one (requested -> active):
  custom:video-decoder-ogg-theora: a1e56fd34408186e4bbccfd4996cb3dc -> 
  custom:container-muxer-webm: aa71ff27fc2769a1b78a27578f13a17b -> 
  custom:container-demuxer-webm: 4f35f7cbe854078d1ac9338744f61a02 -> 
  custom:video-encoder-webm-vp8: eb34c28f22e8b96e1ab97ce403110664 -> 
  custom:audio-encoder-webm-vorbis: bf7c407c2cedff20999df2af8eb42d56 -> 
  custom:framework-win-MediaFoundation: 216162199b28c13a410421893ffa2e32 -> 
  custom:container-demuxer-ogg: 62fdf1f143b41e24485cea50d1cbac27 -> 
  custom:video-decoder-webm-vp8: 9c59270c3fd7afecdb556c50c9e8de78 -> 
  custom:audio-decoder-ogg-vorbis: bf7c407c2cedff20999df2af8eb42d56 -> 
========================================================================
Received Prepare
Registering precompiled user dll's ...
Registered in 0.007623 seconds.
Begin MonoManager ReloadAssembly
Symbol file LoadedFromMemory doesn't match image C:\Users\Ale\Desktop\3V\IAV\Proyecto Final\MeyerManoir\Library\PackageCache\com.unity.visualscripting@1.7.8\Editor\VisualScripting.Core\Dependencies\YamlDotNet\Unity.VisualScripting.YamlDotNet.dll
Symbol file LoadedFromMemory doesn't match image C:\Users\Ale\Desktop\3V\IAV\Proyecto Final\MeyerManoir\Library\PackageCache\com.unity.visualscripting@1.7.8\Editor\VisualScripting.Core\Dependencies\DotNetZip\Unity.VisualScripting.IonicZip.dll
Native extension for WindowsStandalone target not found
Native extension for Android target not found
Refreshing native plugins compatible for Editor in 0.70 ms, found 3 plugins.
Preloading 0 native plugins for Editor in 0.00 ms.
Mono: successfully reloaded assembly
- Completed reload, in  1.477 seconds
Domain Reload Profiling:
	ReloadAssembly (1478ms)
		BeginReloadAssembly (182ms)
			ExecutionOrderSort (0ms)
			DisableScriptedObjects (9ms)
			BackupInstance (0ms)
			ReleaseScriptingObjects (0ms)
			CreateAndSetChildDomain (49ms)
		EndReloadAssembly (1159ms)
			LoadAssemblies (118ms)
			RebuildTransferFunctionScriptingTraits (0ms)
			SetupTypeCache (402ms)
			ReleaseScriptCaches (2ms)
			RebuildScriptCaches (60ms)
			SetupLoadedEditorAssemblies (518ms)
				LogAssemblyErrors (0ms)
				InitializePlatformSupportModulesInManaged (30ms)
				SetLoadedEditorAssemblies (1ms)
				RefreshPlugins (1ms)
				BeforeProcessingInitializeOnLoad (104ms)
				ProcessInitializeOnLoadAttributes (338ms)
				ProcessInitializeOnLoadMethodAttributes (36ms)
				AfterProcessingInitializeOnLoad (9ms)
				EditorAssembliesLoaded (0ms)
			ExecutionOrderSort2 (0ms)
			AwakeInstancesAfterBackupRestoration (8ms)
Platform modules already initialized, skipping
Refreshing native plugins compatible for Editor in 3.50 ms, found 3 plugins.
Preloading 0 native plugins for Editor in 0.00 ms.
Unloading 3356 Unused Serialized files (Serialized files now loaded: 0)
Unloading 20 unused Assets / (79.8 KB). Loaded Objects now: 3884.
Memory consumption went from 120.6 MB to 120.6 MB.
Total: 4.502800 ms (FindLiveObjects: 0.372200 ms CreateObjectMapping: 0.403400 ms MarkObjects: 3.609100 ms  DeleteObjects: 0.116600 ms)

AssetImportParameters requested are different than current active one (requested -> active):
  custom:video-decoder-ogg-theora: a1e56fd34408186e4bbccfd4996cb3dc -> 
  custom:container-muxer-webm: aa71ff27fc2769a1b78a27578f13a17b -> 
  custom:container-demuxer-webm: 4f35f7cbe854078d1ac9338744f61a02 -> 
  custom:video-encoder-webm-vp8: eb34c28f22e8b96e1ab97ce403110664 -> 
  custom:audio-encoder-webm-vorbis: bf7c407c2cedff20999df2af8eb42d56 -> 
  custom:framework-win-MediaFoundation: 216162199b28c13a410421893ffa2e32 -> 
  custom:container-demuxer-ogg: 62fdf1f143b41e24485cea50d1cbac27 -> 
  custom:video-decoder-webm-vp8: 9c59270c3fd7afecdb556c50c9e8de78 -> 
  custom:audio-decoder-ogg-vorbis: bf7c407c2cedff20999df2af8eb42d56 -> 
========================================================================
Received Prepare
Registering precompiled user dll's ...
Registered in 0.192056 seconds.
Begin MonoManager ReloadAssembly
Symbol file LoadedFromMemory doesn't match image C:\Users\Ale\Desktop\3V\IAV\Proyecto Final\MeyerManoir\Library\PackageCache\com.unity.visualscripting@1.7.8\Editor\VisualScripting.Core\Dependencies\YamlDotNet\Unity.VisualScripting.YamlDotNet.dll
Symbol file LoadedFromMemory doesn't match image C:\Users\Ale\Desktop\3V\IAV\Proyecto Final\MeyerManoir\Library\PackageCache\com.unity.visualscripting@1.7.8\Editor\VisualScripting.Core\Dependencies\DotNetZip\Unity.VisualScripting.IonicZip.dll
Native extension for WindowsStandalone target not found
Native extension for Android target not found
Refreshing native plugins compatible for Editor in 0.73 ms, found 3 plugins.
Preloading 0 native plugins for Editor in 0.00 ms.
Mono: successfully reloaded assembly
- Completed reload, in  1.584 seconds
Domain Reload Profiling:
	ReloadAssembly (1585ms)
		BeginReloadAssembly (217ms)
			ExecutionOrderSort (0ms)
			DisableScriptedObjects (10ms)
			BackupInstance (0ms)
			ReleaseScriptingObjects (0ms)
			CreateAndSetChildDomain (66ms)
		EndReloadAssembly (1227ms)
			LoadAssemblies (121ms)
			RebuildTransferFunctionScriptingTraits (0ms)
			SetupTypeCache (392ms)
			ReleaseScriptCaches (1ms)
			RebuildScriptCaches (69ms)
			SetupLoadedEditorAssemblies (574ms)
				LogAssemblyErrors (0ms)
				InitializePlatformSupportModulesInManaged (30ms)
				SetLoadedEditorAssemblies (1ms)
				RefreshPlugins (1ms)
				BeforeProcessingInitializeOnLoad (125ms)
				ProcessInitializeOnLoadAttributes (364ms)
				ProcessInitializeOnLoadMethodAttributes (45ms)
				AfterProcessingInitializeOnLoad (9ms)
				EditorAssembliesLoaded (0ms)
			ExecutionOrderSort2 (0ms)
			AwakeInstancesAfterBackupRestoration (8ms)
Platform modules already initialized, skipping
Refreshing native plugins compatible for Editor in 2.49 ms, found 3 plugins.
Preloading 0 native plugins for Editor in 0.00 ms.
Unloading 3367 Unused Serialized files (Serialized files now loaded: 0)
Unloading 26 unused Assets / (6.2 MB). Loaded Objects now: 3892.
Memory consumption went from 128.1 MB to 122.0 MB.
Total: 5.917500 ms (FindLiveObjects: 0.321600 ms CreateObjectMapping: 0.224400 ms MarkObjects: 3.516700 ms  DeleteObjects: 1.853400 ms)

AssetImportParameters requested are different than current active one (requested -> active):
  custom:video-decoder-ogg-theora: a1e56fd34408186e4bbccfd4996cb3dc -> 
  custom:container-muxer-webm: aa71ff27fc2769a1b78a27578f13a17b -> 
  custom:container-demuxer-webm: 4f35f7cbe854078d1ac9338744f61a02 -> 
  custom:video-encoder-webm-vp8: eb34c28f22e8b96e1ab97ce403110664 -> 
  custom:audio-encoder-webm-vorbis: bf7c407c2cedff20999df2af8eb42d56 -> 
  custom:framework-win-MediaFoundation: 216162199b28c13a410421893ffa2e32 -> 
  custom:container-demuxer-ogg: 62fdf1f143b41e24485cea50d1cbac27 -> 
  custom:video-decoder-webm-vp8: 9c59270c3fd7afecdb556c50c9e8de78 -> 
  custom:audio-decoder-ogg-vorbis: bf7c407c2cedff20999df2af8eb42d56 -> 
========================================================================
Received Import Request.
  Time since last request: 380.763830 seconds.
  path: Assets/Materials/Lianas.mat
  artifactKey: Guid(6e640370d3d96804dac6aad93da7a96c) Importer(815301076,1909f56bfc062723c751e8b465ee728b)
Start importing Assets/Materials/Lianas.mat using Guid(6e640370d3d96804dac6aad93da7a96c) Importer(815301076,1909f56bfc062723c751e8b465ee728b)  -> (artifact id: 'e317cd52e2490027bda188c8936d436b') in 0.621384 seconds 
========================================================================
Received Prepare
Registering precompiled user dll's ...
Registered in 0.007489 seconds.
Begin MonoManager ReloadAssembly
Symbol file LoadedFromMemory doesn't match image C:\Users\Ale\Desktop\3V\IAV\Proyecto Final\MeyerManoir\Library\PackageCache\com.unity.visualscripting@1.7.8\Editor\VisualScripting.Core\Dependencies\YamlDotNet\Unity.VisualScripting.YamlDotNet.dll
Symbol file LoadedFromMemory doesn't match image C:\Users\Ale\Desktop\3V\IAV\Proyecto Final\MeyerManoir\Library\PackageCache\com.unity.visualscripting@1.7.8\Editor\VisualScripting.Core\Dependencies\DotNetZip\Unity.VisualScripting.IonicZip.dll
Native extension for WindowsStandalone target not found
Native extension for Android target not found
Refreshing native plugins compatible for Editor in 0.70 ms, found 3 plugins.
Preloading 0 native plugins for Editor in 0.00 ms.
Mono: successfully reloaded assembly
- Completed reload, in  1.498 seconds
Domain Reload Profiling:
	ReloadAssembly (1499ms)
		BeginReloadAssembly (191ms)
			ExecutionOrderSort (0ms)
			DisableScriptedObjects (7ms)
			BackupInstance (0ms)
			ReleaseScriptingObjects (0ms)
			CreateAndSetChildDomain (62ms)
		EndReloadAssembly (1170ms)
			LoadAssemblies (127ms)
			RebuildTransferFunctionScriptingTraits (0ms)
			SetupTypeCache (400ms)
			ReleaseScriptCaches (1ms)
			RebuildScriptCaches (64ms)
			SetupLoadedEditorAssemblies (510ms)
				LogAssemblyErrors (0ms)
				InitializePlatformSupportModulesInManaged (31ms)
				SetLoadedEditorAssemblies (1ms)
				RefreshPlugins (1ms)
				BeforeProcessingInitializeOnLoad (103ms)
				ProcessInitializeOnLoadAttributes (331ms)
				ProcessInitializeOnLoadMethodAttributes (35ms)
				AfterProcessingInitializeOnLoad (8ms)
				EditorAssembliesLoaded (0ms)
			ExecutionOrderSort2 (0ms)
			AwakeInstancesAfterBackupRestoration (7ms)
Platform modules already initialized, skipping
Refreshing native plugins compatible for Editor in 2.64 ms, found 3 plugins.
Preloading 0 native plugins for Editor in 0.00 ms.
Unloading 3366 Unused Serialized files (Serialized files now loaded: 0)
Unloading 25 unused Assets / (5.6 MB). Loaded Objects now: 3896.
Memory consumption went from 128.1 MB to 122.5 MB.
Total: 5.390000 ms (FindLiveObjects: 0.316700 ms CreateObjectMapping: 0.212000 ms MarkObjects: 3.556500 ms  DeleteObjects: 1.303400 ms)

AssetImportParameters requested are different than current active one (requested -> active):
  custom:video-decoder-ogg-theora: a1e56fd34408186e4bbccfd4996cb3dc -> 
  custom:container-muxer-webm: aa71ff27fc2769a1b78a27578f13a17b -> 
  custom:container-demuxer-webm: 4f35f7cbe854078d1ac9338744f61a02 -> 
  custom:video-encoder-webm-vp8: eb34c28f22e8b96e1ab97ce403110664 -> 
  custom:audio-encoder-webm-vorbis: bf7c407c2cedff20999df2af8eb42d56 -> 
  custom:framework-win-MediaFoundation: 216162199b28c13a410421893ffa2e32 -> 
  custom:container-demuxer-ogg: 62fdf1f143b41e24485cea50d1cbac27 -> 
  custom:video-decoder-webm-vp8: 9c59270c3fd7afecdb556c50c9e8de78 -> 
  custom:audio-decoder-ogg-vorbis: bf7c407c2cedff20999df2af8eb42d56 -> 
========================================================================
Received Import Request.
  Time since last request: 86.351249 seconds.
  path: Assets/Materials/Tumbas
  artifactKey: Guid(4186bf56b0ebc5441a84b1c97c335221) Importer(815301076,1909f56bfc062723c751e8b465ee728b)
Start importing Assets/Materials/Tumbas using Guid(4186bf56b0ebc5441a84b1c97c335221) Importer(815301076,1909f56bfc062723c751e8b465ee728b)  -> (artifact id: 'd0ae7615daae7efdeb5975d87b42460b') in 0.016469 seconds 
========================================================================
Received Import Request.
  Time since last request: 4.482640 seconds.
  path: Assets/Materials/Liana.mat
  artifactKey: Guid(6e640370d3d96804dac6aad93da7a96c) Importer(815301076,1909f56bfc062723c751e8b465ee728b)
Start importing Assets/Materials/Liana.mat using Guid(6e640370d3d96804dac6aad93da7a96c) Importer(815301076,1909f56bfc062723c751e8b465ee728b)  -> (artifact id: 'a6add3be90ea18f8edb4cca13266f7f7') in 0.126028 seconds 
========================================================================
Received Import Request.
  Time since last request: 3.092396 seconds.
  path: Assets/Materials/Tumba
  artifactKey: Guid(4186bf56b0ebc5441a84b1c97c335221) Importer(815301076,1909f56bfc062723c751e8b465ee728b)
Start importing Assets/Materials/Tumba using Guid(4186bf56b0ebc5441a84b1c97c335221) Importer(815301076,1909f56bfc062723c751e8b465ee728b)  -> (artifact id: '3d93024ae08c1ff6bc1cbcff865b1d43') in 0.010641 seconds 
========================================================================
Received Import Request.
  Time since last request: 21.001247 seconds.
  path: Assets/Materials/Tumba.mat
  artifactKey: Guid(b16e7e704ec1d1a49a32baf3e0722ac3) Importer(815301076,1909f56bfc062723c751e8b465ee728b)
Start importing Assets/Materials/Tumba.mat using Guid(b16e7e704ec1d1a49a32baf3e0722ac3) Importer(815301076,1909f56bfc062723c751e8b465ee728b)  -> (artifact id: '6491035b131165afdf01556f3bbe0759') in 0.021213 seconds 
========================================================================
Received Import Request.
  Time since last request: 324.642426 seconds.
  path: Assets/Textures/desk.png
  artifactKey: Guid(95b47970d0b498c459b275de8c977881) Importer(815301076,1909f56bfc062723c751e8b465ee728b)
Start importing Assets/Textures/desk.png using Guid(95b47970d0b498c459b275de8c977881) Importer(815301076,1909f56bfc062723c751e8b465ee728b)  -> (artifact id: '23725aee5f6ea350b284c5996cacd9ac') in 0.097070 seconds 
========================================================================
Received Import Request.
  Time since last request: 0.000046 seconds.
  path: Assets/Textures/doro.png
  artifactKey: Guid(fa07ca4391a36fe4aa4caaecd0f5a711) Importer(815301076,1909f56bfc062723c751e8b465ee728b)
Start importing Assets/Textures/doro.png using Guid(fa07ca4391a36fe4aa4caaecd0f5a711) Importer(815301076,1909f56bfc062723c751e8b465ee728b)  -> (artifact id: '3eb2ae3ff226568feef01125157609d8') in 0.027006 seconds 
========================================================================
Received Import Request.
  Time since last request: 0.000055 seconds.
  path: Assets/Textures/isigaki.png
  artifactKey: Guid(4df964828a7702447b43ad0782be5ebb) Importer(815301076,1909f56bfc062723c751e8b465ee728b)
Start importing Assets/Textures/isigaki.png using Guid(4df964828a7702447b43ad0782be5ebb) Importer(815301076,1909f56bfc062723c751e8b465ee728b)  -> (artifact id: 'a60120a901abc98c461b976d4fa0ddf7') in 0.041089 seconds 
========================================================================
Received Import Request.
  Time since last request: 0.000037 seconds.
  path: Assets/Textures/road.png
  artifactKey: Guid(71ae413276dcdbf479f3f8f3cc7da988) Importer(815301076,1909f56bfc062723c751e8b465ee728b)
Start importing Assets/Textures/road.png using Guid(71ae413276dcdbf479f3f8f3cc7da988) Importer(815301076,1909f56bfc062723c751e8b465ee728b)  -> (artifact id: 'b06b1eb52a48836e1ff48bf0ed4782ca') in 0.020347 seconds 
========================================================================
Received Import Request.
  Time since last request: 0.000036 seconds.
  path: Assets/Textures/tree.png
  artifactKey: Guid(351fca4b27f21cf4281ad6151126cce6) Importer(815301076,1909f56bfc062723c751e8b465ee728b)
Start importing Assets/Textures/tree.png using Guid(351fca4b27f21cf4281ad6151126cce6) Importer(815301076,1909f56bfc062723c751e8b465ee728b)  -> (artifact id: '17bab1d77ef8af7420b529840112debe') in 0.023736 seconds 
========================================================================
Received Import Request.
  Time since last request: 0.000040 seconds.
  path: Assets/Textures/yuka2.png
  artifactKey: Guid(01d50d70ebaff544397ef11c563b17ef) Importer(815301076,1909f56bfc062723c751e8b465ee728b)
Start importing Assets/Textures/yuka2.png using Guid(01d50d70ebaff544397ef11c563b17ef) Importer(815301076,1909f56bfc062723c751e8b465ee728b)  -> (artifact id: 'c6a8edaf3a6f92b9939d40b1b5d7482b') in 0.024309 seconds 
========================================================================
Received Import Request.
  Time since last request: 0.000033 seconds.
  path: Assets/Textures/marikar.png
  artifactKey: Guid(c58a07aadb1ddfd49ba3e5e73c882df8) Importer(815301076,1909f56bfc062723c751e8b465ee728b)
Start importing Assets/Textures/marikar.png using Guid(c58a07aadb1ddfd49ba3e5e73c882df8) Importer(815301076,1909f56bfc062723c751e8b465ee728b)  -> (artifact id: 'fe369e3f146577fbfe3aa75461ce4342') in 0.033312 seconds 
========================================================================
Received Import Request.
  Time since last request: 0.000045 seconds.
  path: Assets/Textures/yuka3.png
  artifactKey: Guid(dda9175b94d00eb43833ffe79752634f) Importer(815301076,1909f56bfc062723c751e8b465ee728b)
Start importing Assets/Textures/yuka3.png using Guid(dda9175b94d00eb43833ffe79752634f) Importer(815301076,1909f56bfc062723c751e8b465ee728b)  -> (artifact id: 'e32e9d0fde501e41fc02b97abcc8e47e') in 0.029740 seconds 
========================================================================
Received Import Request.
  Time since last request: 0.000380 seconds.
  path: Assets/Textures/mansion1.png
  artifactKey: Guid(08d5ef112b530f04fbfa1b96a34f55c8) Importer(815301076,1909f56bfc062723c751e8b465ee728b)
Start importing Assets/Textures/mansion1.png using Guid(08d5ef112b530f04fbfa1b96a34f55c8) Importer(815301076,1909f56bfc062723c751e8b465ee728b)  -> (artifact id: '868d1430e4c6096b87048d74b693adf3') in 0.031131 seconds 
========================================================================
Received Import Request.
  Time since last request: 0.000076 seconds.
  path: Assets/Textures/yane.png
  artifactKey: Guid(2bc2bf7800f19984282144c3a00ffaf7) Importer(815301076,1909f56bfc062723c751e8b465ee728b)
Start importing Assets/Textures/yane.png using Guid(2bc2bf7800f19984282144c3a00ffaf7) Importer(815301076,1909f56bfc062723c751e8b465ee728b)  -> (artifact id: 'a25c50659d832cf8786d2a38111dd675') in 0.030869 seconds 
========================================================================
Received Import Request.
  Time since last request: 0.000041 seconds.
  path: Assets/Textures/grass_heri.png
  artifactKey: Guid(202e5ab312c4874449983c9499d5dcb5) Importer(815301076,1909f56bfc062723c751e8b465ee728b)
Start importing Assets/Textures/grass_heri.png using Guid(202e5ab312c4874449983c9499d5dcb5) Importer(815301076,1909f56bfc062723c751e8b465ee728b)  -> (artifact id: 'db1bfeb398bed8a2a362a7dfedd4a69e') in 0.014142 seconds 
========================================================================
Received Import Request.
  Time since last request: 0.000036 seconds.
  path: Assets/Textures/grass.png
  artifactKey: Guid(2e568bb87e7bad249b78044d1481f290) Importer(815301076,1909f56bfc062723c751e8b465ee728b)
Start importing Assets/Textures/grass.png using Guid(2e568bb87e7bad249b78044d1481f290) Importer(815301076,1909f56bfc062723c751e8b465ee728b)  -> (artifact id: '50db926eb5fe9d4be42eb9fd3b4422a6') in 0.020258 seconds 
========================================================================
Received Import Request.
  Time since last request: 0.000049 seconds.
  path: Assets/Textures/mansion3.png
  artifactKey: Guid(f59aa160eee22bc4f8cf68bc3cb82e42) Importer(815301076,1909f56bfc062723c751e8b465ee728b)
Start importing Assets/Textures/mansion3.png using Guid(f59aa160eee22bc4f8cf68bc3cb82e42) Importer(815301076,1909f56bfc062723c751e8b465ee728b)  -> (artifact id: '0da2d507c44a228cad536d9c0c77c932') in 0.026965 seconds 
========================================================================
Received Import Request.
  Time since last request: 0.000033 seconds.
  path: Assets/Textures/saku.png
  artifactKey: Guid(e9c12d2c51847f544ad38e9998f233e6) Importer(815301076,1909f56bfc062723c751e8b465ee728b)
Start importing Assets/Textures/saku.png using Guid(e9c12d2c51847f544ad38e9998f233e6) Importer(815301076,1909f56bfc062723c751e8b465ee728b)  -> (artifact id: '4fbe7e1b14318674e9efbe10c4762944') in 0.020878 seconds 
========================================================================
Received Import Request.
  Time since last request: 0.000038 seconds.
  path: Assets/Textures/roka.png
  artifactKey: Guid(2dad6b6f79377354389b5be1f0314a0b) Importer(815301076,1909f56bfc062723c751e8b465ee728b)
Start importing Assets/Textures/roka.png using Guid(2dad6b6f79377354389b5be1f0314a0b) Importer(815301076,1909f56bfc062723c751e8b465ee728b)  -> (artifact id: '7f602c169d7f942a733e4ed56ae6cd52') in 0.024317 seconds 
========================================================================
Received Prepare
Registering precompiled user dll's ...
Registered in 0.009484 seconds.
Begin MonoManager ReloadAssembly
Symbol file LoadedFromMemory doesn't match image C:\Users\Ale\Desktop\3V\IAV\Proyecto Final\MeyerManoir\Library\PackageCache\com.unity.visualscripting@1.7.8\Editor\VisualScripting.Core\Dependencies\YamlDotNet\Unity.VisualScripting.YamlDotNet.dll
Symbol file LoadedFromMemory doesn't match image C:\Users\Ale\Desktop\3V\IAV\Proyecto Final\MeyerManoir\Library\PackageCache\com.unity.visualscripting@1.7.8\Editor\VisualScripting.Core\Dependencies\DotNetZip\Unity.VisualScripting.IonicZip.dll
Native extension for WindowsStandalone target not found
Native extension for Android target not found
Refreshing native plugins compatible for Editor in 0.70 ms, found 3 plugins.
Preloading 0 native plugins for Editor in 0.00 ms.
Mono: successfully reloaded assembly
- Completed reload, in  1.491 seconds
Domain Reload Profiling:
	ReloadAssembly (1492ms)
		BeginReloadAssembly (191ms)
			ExecutionOrderSort (0ms)
			DisableScriptedObjects (7ms)
			BackupInstance (0ms)
			ReleaseScriptingObjects (0ms)
			CreateAndSetChildDomain (60ms)
		EndReloadAssembly (1154ms)
			LoadAssemblies (114ms)
			RebuildTransferFunctionScriptingTraits (0ms)
			SetupTypeCache (384ms)
			ReleaseScriptCaches (1ms)
			RebuildScriptCaches (61ms)
			SetupLoadedEditorAssemblies (535ms)
				LogAssemblyErrors (0ms)
				InitializePlatformSupportModulesInManaged (30ms)
				SetLoadedEditorAssemblies (1ms)
				RefreshPlugins (1ms)
				BeforeProcessingInitializeOnLoad (104ms)
				ProcessInitializeOnLoadAttributes (351ms)
				ProcessInitializeOnLoadMethodAttributes (41ms)
				AfterProcessingInitializeOnLoad (8ms)
				EditorAssembliesLoaded (0ms)
			ExecutionOrderSort2 (0ms)
			AwakeInstancesAfterBackupRestoration (8ms)
Platform modules already initialized, skipping
Refreshing native plugins compatible for Editor in 2.51 ms, found 3 plugins.
Preloading 0 native plugins for Editor in 0.00 ms.
Unloading 3365 Unused Serialized files (Serialized files now loaded: 0)
Unloading 25 unused Assets / (5.6 MB). Loaded Objects now: 3899.
Memory consumption went from 128.1 MB to 122.5 MB.
Total: 5.197600 ms (FindLiveObjects: 0.312300 ms CreateObjectMapping: 0.211500 ms MarkObjects: 3.389700 ms  DeleteObjects: 1.282800 ms)

AssetImportParameters requested are different than current active one (requested -> active):
  custom:video-decoder-ogg-theora: a1e56fd34408186e4bbccfd4996cb3dc -> 
  custom:container-muxer-webm: aa71ff27fc2769a1b78a27578f13a17b -> 
  custom:container-demuxer-webm: 4f35f7cbe854078d1ac9338744f61a02 -> 
  custom:video-encoder-webm-vp8: eb34c28f22e8b96e1ab97ce403110664 -> 
  custom:audio-encoder-webm-vorbis: bf7c407c2cedff20999df2af8eb42d56 -> 
  custom:framework-win-MediaFoundation: 216162199b28c13a410421893ffa2e32 -> 
  custom:container-demuxer-ogg: 62fdf1f143b41e24485cea50d1cbac27 -> 
  custom:video-decoder-webm-vp8: 9c59270c3fd7afecdb556c50c9e8de78 -> 
  custom:audio-decoder-ogg-vorbis: bf7c407c2cedff20999df2af8eb42d56 -> 
========================================================================
Received Import Request.
  Time since last request: 1014.628219 seconds.
  path: Assets/Materials/mansion1.mat
  artifactKey: Guid(ac4594d160d60be47a0d6f3c8eea4dc4) Importer(815301076,1909f56bfc062723c751e8b465ee728b)
Start importing Assets/Materials/mansion1.mat using Guid(ac4594d160d60be47a0d6f3c8eea4dc4) Importer(815301076,1909f56bfc062723c751e8b465ee728b)  -> (artifact id: '12a864e71b6510aad8677d360c29ec91') in 0.652650 seconds 
========================================================================
Received Prepare
Registering precompiled user dll's ...
Registered in 0.007465 seconds.
Begin MonoManager ReloadAssembly
Symbol file LoadedFromMemory doesn't match image C:\Users\Ale\Desktop\3V\IAV\Proyecto Final\MeyerManoir\Library\PackageCache\com.unity.visualscripting@1.7.8\Editor\VisualScripting.Core\Dependencies\YamlDotNet\Unity.VisualScripting.YamlDotNet.dll
Symbol file LoadedFromMemory doesn't match image C:\Users\Ale\Desktop\3V\IAV\Proyecto Final\MeyerManoir\Library\PackageCache\com.unity.visualscripting@1.7.8\Editor\VisualScripting.Core\Dependencies\DotNetZip\Unity.VisualScripting.IonicZip.dll
Native extension for WindowsStandalone target not found
Native extension for Android target not found
Refreshing native plugins compatible for Editor in 0.73 ms, found 3 plugins.
Preloading 0 native plugins for Editor in 0.00 ms.
Mono: successfully reloaded assembly
- Completed reload, in  1.712 seconds
Domain Reload Profiling:
	ReloadAssembly (1714ms)
		BeginReloadAssembly (339ms)
			ExecutionOrderSort (0ms)
			DisableScriptedObjects (13ms)
			BackupInstance (0ms)
			ReleaseScriptingObjects (0ms)
			CreateAndSetChildDomain (135ms)
		EndReloadAssembly (1222ms)
			LoadAssemblies (145ms)
			RebuildTransferFunctionScriptingTraits (0ms)
			SetupTypeCache (439ms)
			ReleaseScriptCaches (2ms)
			RebuildScriptCaches (65ms)
			SetupLoadedEditorAssemblies (519ms)
				LogAssemblyErrors (0ms)
				InitializePlatformSupportModulesInManaged (34ms)
				SetLoadedEditorAssemblies (1ms)
				RefreshPlugins (1ms)
				BeforeProcessingInitializeOnLoad (102ms)
				ProcessInitializeOnLoadAttributes (339ms)
				ProcessInitializeOnLoadMethodAttributes (35ms)
				AfterProcessingInitializeOnLoad (8ms)
				EditorAssembliesLoaded (0ms)
			ExecutionOrderSort2 (0ms)
			AwakeInstancesAfterBackupRestoration (8ms)
Platform modules already initialized, skipping
Refreshing native plugins compatible for Editor in 2.93 ms, found 3 plugins.
Preloading 0 native plugins for Editor in 0.00 ms.
Unloading 3365 Unused Serialized files (Serialized files now loaded: 0)
Unloading 24 unused Assets / (4.9 MB). Loaded Objects now: 3903.
Memory consumption went from 128.2 MB to 123.2 MB.
Total: 5.617600 ms (FindLiveObjects: 0.323300 ms CreateObjectMapping: 0.246900 ms MarkObjects: 3.897400 ms  DeleteObjects: 1.148900 ms)

AssetImportParameters requested are different than current active one (requested -> active):
  custom:video-decoder-ogg-theora: a1e56fd34408186e4bbccfd4996cb3dc -> 
  custom:container-muxer-webm: aa71ff27fc2769a1b78a27578f13a17b -> 
  custom:container-demuxer-webm: 4f35f7cbe854078d1ac9338744f61a02 -> 
  custom:video-encoder-webm-vp8: eb34c28f22e8b96e1ab97ce403110664 -> 
  custom:audio-encoder-webm-vorbis: bf7c407c2cedff20999df2af8eb42d56 -> 
  custom:framework-win-MediaFoundation: 216162199b28c13a410421893ffa2e32 -> 
  custom:container-demuxer-ogg: 62fdf1f143b41e24485cea50d1cbac27 -> 
  custom:video-decoder-webm-vp8: 9c59270c3fd7afecdb556c50c9e8de78 -> 
  custom:audio-decoder-ogg-vorbis: bf7c407c2cedff20999df2af8eb42d56 -> 
========================================================================
Received Prepare
Registering precompiled user dll's ...
Registered in 0.005139 seconds.
Begin MonoManager ReloadAssembly
Symbol file LoadedFromMemory doesn't match image C:\Users\Ale\Desktop\3V\IAV\Proyecto Final\MeyerManoir\Library\PackageCache\com.unity.visualscripting@1.7.8\Editor\VisualScripting.Core\Dependencies\YamlDotNet\Unity.VisualScripting.YamlDotNet.dll
Symbol file LoadedFromMemory doesn't match image C:\Users\Ale\Desktop\3V\IAV\Proyecto Final\MeyerManoir\Library\PackageCache\com.unity.visualscripting@1.7.8\Editor\VisualScripting.Core\Dependencies\DotNetZip\Unity.VisualScripting.IonicZip.dll
Native extension for WindowsStandalone target not found
Native extension for Android target not found
Refreshing native plugins compatible for Editor in 0.57 ms, found 3 plugins.
Preloading 0 native plugins for Editor in 0.00 ms.
Mono: successfully reloaded assembly
- Completed reload, in  1.149 seconds
Domain Reload Profiling:
	ReloadAssembly (1149ms)
		BeginReloadAssembly (142ms)
			ExecutionOrderSort (0ms)
			DisableScriptedObjects (6ms)
			BackupInstance (0ms)
			ReleaseScriptingObjects (0ms)
			CreateAndSetChildDomain (36ms)
		EndReloadAssembly (903ms)
			LoadAssemblies (90ms)
			RebuildTransferFunctionScriptingTraits (0ms)
			SetupTypeCache (294ms)
			ReleaseScriptCaches (1ms)
			RebuildScriptCaches (55ms)
			SetupLoadedEditorAssemblies (410ms)
				LogAssemblyErrors (0ms)
				InitializePlatformSupportModulesInManaged (25ms)
				SetLoadedEditorAssemblies (0ms)
				RefreshPlugins (1ms)
				BeforeProcessingInitializeOnLoad (77ms)
				ProcessInitializeOnLoadAttributes (273ms)
				ProcessInitializeOnLoadMethodAttributes (28ms)
				AfterProcessingInitializeOnLoad (7ms)
				EditorAssembliesLoaded (0ms)
			ExecutionOrderSort2 (0ms)
			AwakeInstancesAfterBackupRestoration (6ms)
Platform modules already initialized, skipping
Refreshing native plugins compatible for Editor in 2.30 ms, found 3 plugins.
Preloading 0 native plugins for Editor in 0.00 ms.
Unloading 3364 Unused Serialized files (Serialized files now loaded: 0)
Unloading 24 unused Assets / (4.9 MB). Loaded Objects now: 3906.
Memory consumption went from 128.0 MB to 123.0 MB.
Total: 3.953100 ms (FindLiveObjects: 0.362800 ms CreateObjectMapping: 0.361400 ms MarkObjects: 2.405000 ms  DeleteObjects: 0.822800 ms)

AssetImportParameters requested are different than current active one (requested -> active):
  custom:video-decoder-ogg-theora: a1e56fd34408186e4bbccfd4996cb3dc -> 
  custom:container-muxer-webm: aa71ff27fc2769a1b78a27578f13a17b -> 
  custom:container-demuxer-webm: 4f35f7cbe854078d1ac9338744f61a02 -> 
  custom:video-encoder-webm-vp8: eb34c28f22e8b96e1ab97ce403110664 -> 
  custom:audio-encoder-webm-vorbis: bf7c407c2cedff20999df2af8eb42d56 -> 
  custom:framework-win-MediaFoundation: 216162199b28c13a410421893ffa2e32 -> 
  custom:container-demuxer-ogg: 62fdf1f143b41e24485cea50d1cbac27 -> 
  custom:video-decoder-webm-vp8: 9c59270c3fd7afecdb556c50c9e8de78 -> 
  custom:audio-decoder-ogg-vorbis: bf7c407c2cedff20999df2af8eb42d56 -> 
========================================================================
Received Prepare
Registering precompiled user dll's ...
Registered in 0.005451 seconds.
Begin MonoManager ReloadAssembly
Symbol file LoadedFromMemory doesn't match image C:\Users\Ale\Desktop\3V\IAV\Proyecto Final\MeyerManoir\Library\PackageCache\com.unity.visualscripting@1.7.8\Editor\VisualScripting.Core\Dependencies\YamlDotNet\Unity.VisualScripting.YamlDotNet.dll
Symbol file LoadedFromMemory doesn't match image C:\Users\Ale\Desktop\3V\IAV\Proyecto Final\MeyerManoir\Library\PackageCache\com.unity.visualscripting@1.7.8\Editor\VisualScripting.Core\Dependencies\DotNetZip\Unity.VisualScripting.IonicZip.dll
Native extension for WindowsStandalone target not found
Native extension for Android target not found
Refreshing native plugins compatible for Editor in 0.53 ms, found 3 plugins.
Preloading 0 native plugins for Editor in 0.00 ms.
Mono: successfully reloaded assembly
- Completed reload, in  1.074 seconds
Domain Reload Profiling:
	ReloadAssembly (1075ms)
		BeginReloadAssembly (142ms)
			ExecutionOrderSort (0ms)
			DisableScriptedObjects (6ms)
			BackupInstance (0ms)
			ReleaseScriptingObjects (0ms)
			CreateAndSetChildDomain (35ms)
		EndReloadAssembly (834ms)
			LoadAssemblies (91ms)
			RebuildTransferFunctionScriptingTraits (0ms)
			SetupTypeCache (240ms)
			ReleaseScriptCaches (1ms)
			RebuildScriptCaches (40ms)
			SetupLoadedEditorAssemblies (433ms)
				LogAssemblyErrors (0ms)
				InitializePlatformSupportModulesInManaged (20ms)
				SetLoadedEditorAssemblies (0ms)
				RefreshPlugins (1ms)
				BeforeProcessingInitializeOnLoad (68ms)
				ProcessInitializeOnLoadAttributes (312ms)
				ProcessInitializeOnLoadMethodAttributes (26ms)
				AfterProcessingInitializeOnLoad (6ms)
				EditorAssembliesLoaded (0ms)
			ExecutionOrderSort2 (0ms)
			AwakeInstancesAfterBackupRestoration (6ms)
Platform modules already initialized, skipping
Refreshing native plugins compatible for Editor in 1.61 ms, found 3 plugins.
Preloading 0 native plugins for Editor in 0.00 ms.
Unloading 3365 Unused Serialized files (Serialized files now loaded: 0)
Unloading 24 unused Assets / (4.9 MB). Loaded Objects now: 3910.
Memory consumption went from 128.0 MB to 123.1 MB.
Total: 3.918200 ms (FindLiveObjects: 0.373900 ms CreateObjectMapping: 0.161300 ms MarkObjects: 2.675900 ms  DeleteObjects: 0.706200 ms)

AssetImportParameters requested are different than current active one (requested -> active):
  custom:video-decoder-ogg-theora: a1e56fd34408186e4bbccfd4996cb3dc -> 
  custom:container-muxer-webm: aa71ff27fc2769a1b78a27578f13a17b -> 
  custom:container-demuxer-webm: 4f35f7cbe854078d1ac9338744f61a02 -> 
  custom:video-encoder-webm-vp8: eb34c28f22e8b96e1ab97ce403110664 -> 
  custom:audio-encoder-webm-vorbis: bf7c407c2cedff20999df2af8eb42d56 -> 
  custom:framework-win-MediaFoundation: 216162199b28c13a410421893ffa2e32 -> 
  custom:container-demuxer-ogg: 62fdf1f143b41e24485cea50d1cbac27 -> 
  custom:video-decoder-webm-vp8: 9c59270c3fd7afecdb556c50c9e8de78 -> 
  custom:audio-decoder-ogg-vorbis: bf7c407c2cedff20999df2af8eb42d56 -> 
========================================================================
Received Prepare
Registering precompiled user dll's ...
Registered in 0.016310 seconds.
Begin MonoManager ReloadAssembly
Symbol file LoadedFromMemory doesn't match image C:\Users\Ale\Desktop\3V\IAV\Proyecto Final\MeyerManoir\Library\PackageCache\com.unity.visualscripting@1.7.8\Editor\VisualScripting.Core\Dependencies\YamlDotNet\Unity.VisualScripting.YamlDotNet.dll
Symbol file LoadedFromMemory doesn't match image C:\Users\Ale\Desktop\3V\IAV\Proyecto Final\MeyerManoir\Library\PackageCache\com.unity.visualscripting@1.7.8\Editor\VisualScripting.Core\Dependencies\DotNetZip\Unity.VisualScripting.IonicZip.dll
Native extension for WindowsStandalone target not found
Native extension for Android target not found
Refreshing native plugins compatible for Editor in 0.52 ms, found 3 plugins.
Preloading 0 native plugins for Editor in 0.00 ms.
Mono: successfully reloaded assembly
- Completed reload, in  1.259 seconds
Domain Reload Profiling:
	ReloadAssembly (1260ms)
		BeginReloadAssembly (153ms)
			ExecutionOrderSort (0ms)
			DisableScriptedObjects (6ms)
			BackupInstance (0ms)
			ReleaseScriptingObjects (0ms)
			CreateAndSetChildDomain (40ms)
		EndReloadAssembly (980ms)
			LoadAssemblies (109ms)
			RebuildTransferFunctionScriptingTraits (0ms)
			SetupTypeCache (472ms)
			ReleaseScriptCaches (2ms)
			RebuildScriptCaches (42ms)
			SetupLoadedEditorAssemblies (330ms)
				LogAssemblyErrors (0ms)
				InitializePlatformSupportModulesInManaged (22ms)
				SetLoadedEditorAssemblies (0ms)
				RefreshPlugins (1ms)
				BeforeProcessingInitializeOnLoad (67ms)
				ProcessInitializeOnLoadAttributes (209ms)
				ProcessInitializeOnLoadMethodAttributes (23ms)
				AfterProcessingInitializeOnLoad (7ms)
				EditorAssembliesLoaded (0ms)
			ExecutionOrderSort2 (0ms)
			AwakeInstancesAfterBackupRestoration (5ms)
Platform modules already initialized, skipping
Refreshing native plugins compatible for Editor in 1.71 ms, found 3 plugins.
Preloading 0 native plugins for Editor in 0.00 ms.
Unloading 3364 Unused Serialized files (Serialized files now loaded: 0)
Unloading 25 unused Assets / (4.9 MB). Loaded Objects now: 3912.
Memory consumption went from 128.1 MB to 123.2 MB.
Total: 3.676800 ms (FindLiveObjects: 0.327400 ms CreateObjectMapping: 0.233100 ms MarkObjects: 2.375900 ms  DeleteObjects: 0.739500 ms)

AssetImportParameters requested are different than current active one (requested -> active):
  custom:video-decoder-ogg-theora: a1e56fd34408186e4bbccfd4996cb3dc -> 
  custom:container-muxer-webm: aa71ff27fc2769a1b78a27578f13a17b -> 
  custom:container-demuxer-webm: 4f35f7cbe854078d1ac9338744f61a02 -> 
  custom:video-encoder-webm-vp8: eb34c28f22e8b96e1ab97ce403110664 -> 
  custom:audio-encoder-webm-vorbis: bf7c407c2cedff20999df2af8eb42d56 -> 
  custom:framework-win-MediaFoundation: 216162199b28c13a410421893ffa2e32 -> 
  custom:container-demuxer-ogg: 62fdf1f143b41e24485cea50d1cbac27 -> 
  custom:video-decoder-webm-vp8: 9c59270c3fd7afecdb556c50c9e8de78 -> 
  custom:audio-decoder-ogg-vorbis: bf7c407c2cedff20999df2af8eb42d56 -> 
========================================================================
Received Prepare
Registering precompiled user dll's ...
Registered in 0.008929 seconds.
Begin MonoManager ReloadAssembly
Symbol file LoadedFromMemory doesn't match image C:\Users\Ale\Desktop\3V\IAV\Proyecto Final\MeyerManoir\Library\PackageCache\com.unity.visualscripting@1.7.8\Editor\VisualScripting.Core\Dependencies\YamlDotNet\Unity.VisualScripting.YamlDotNet.dll
Symbol file LoadedFromMemory doesn't match image C:\Users\Ale\Desktop\3V\IAV\Proyecto Final\MeyerManoir\Library\PackageCache\com.unity.visualscripting@1.7.8\Editor\VisualScripting.Core\Dependencies\DotNetZip\Unity.VisualScripting.IonicZip.dll
Native extension for WindowsStandalone target not found
Native extension for Android target not found
Refreshing native plugins compatible for Editor in 0.51 ms, found 3 plugins.
Preloading 0 native plugins for Editor in 0.00 ms.
Mono: successfully reloaded assembly
- Completed reload, in  1.054 seconds
Domain Reload Profiling:
	ReloadAssembly (1055ms)
		BeginReloadAssembly (134ms)
			ExecutionOrderSort (0ms)
			DisableScriptedObjects (6ms)
			BackupInstance (0ms)
			ReleaseScriptingObjects (0ms)
			CreateAndSetChildDomain (33ms)
		EndReloadAssembly (819ms)
			LoadAssemblies (92ms)
			RebuildTransferFunctionScriptingTraits (0ms)
			SetupTypeCache (272ms)
			ReleaseScriptCaches (1ms)
			RebuildScriptCaches (39ms)
			SetupLoadedEditorAssemblies (374ms)
				LogAssemblyErrors (0ms)
				InitializePlatformSupportModulesInManaged (25ms)
				SetLoadedEditorAssemblies (0ms)
				RefreshPlugins (1ms)
				BeforeProcessingInitializeOnLoad (85ms)
				ProcessInitializeOnLoadAttributes (233ms)
				ProcessInitializeOnLoadMethodAttributes (23ms)
				AfterProcessingInitializeOnLoad (7ms)
				EditorAssembliesLoaded (0ms)
			ExecutionOrderSort2 (0ms)
			AwakeInstancesAfterBackupRestoration (6ms)
Platform modules already initialized, skipping
Refreshing native plugins compatible for Editor in 2.61 ms, found 3 plugins.
Preloading 0 native plugins for Editor in 0.00 ms.
Unloading 3365 Unused Serialized files (Serialized files now loaded: 0)
Unloading 24 unused Assets / (4.9 MB). Loaded Objects now: 3916.
Memory consumption went from 128.1 MB to 123.2 MB.
Total: 3.959200 ms (FindLiveObjects: 0.343400 ms CreateObjectMapping: 0.323000 ms MarkObjects: 2.292200 ms  DeleteObjects: 0.999700 ms)

AssetImportParameters requested are different than current active one (requested -> active):
  custom:video-decoder-ogg-theora: a1e56fd34408186e4bbccfd4996cb3dc -> 
  custom:container-muxer-webm: aa71ff27fc2769a1b78a27578f13a17b -> 
  custom:container-demuxer-webm: 4f35f7cbe854078d1ac9338744f61a02 -> 
  custom:video-encoder-webm-vp8: eb34c28f22e8b96e1ab97ce403110664 -> 
  custom:audio-encoder-webm-vorbis: bf7c407c2cedff20999df2af8eb42d56 -> 
  custom:framework-win-MediaFoundation: 216162199b28c13a410421893ffa2e32 -> 
  custom:container-demuxer-ogg: 62fdf1f143b41e24485cea50d1cbac27 -> 
  custom:video-decoder-webm-vp8: 9c59270c3fd7afecdb556c50c9e8de78 -> 
  custom:audio-decoder-ogg-vorbis: bf7c407c2cedff20999df2af8eb42d56 -> 
========================================================================
Received Prepare
Registering precompiled user dll's ...
Registered in 0.004663 seconds.
Begin MonoManager ReloadAssembly
Symbol file LoadedFromMemory doesn't match image C:\Users\Ale\Desktop\3V\IAV\Proyecto Final\MeyerManoir\Library\PackageCache\com.unity.visualscripting@1.7.8\Editor\VisualScripting.Core\Dependencies\YamlDotNet\Unity.VisualScripting.YamlDotNet.dll
Symbol file LoadedFromMemory doesn't match image C:\Users\Ale\Desktop\3V\IAV\Proyecto Final\MeyerManoir\Library\PackageCache\com.unity.visualscripting@1.7.8\Editor\VisualScripting.Core\Dependencies\DotNetZip\Unity.VisualScripting.IonicZip.dll
Native extension for WindowsStandalone target not found
Native extension for Android target not found
Refreshing native plugins compatible for Editor in 0.56 ms, found 3 plugins.
Preloading 0 native plugins for Editor in 0.00 ms.
Mono: successfully reloaded assembly
- Completed reload, in  1.041 seconds
Domain Reload Profiling:
	ReloadAssembly (1042ms)
		BeginReloadAssembly (145ms)
			ExecutionOrderSort (0ms)
			DisableScriptedObjects (6ms)
			BackupInstance (0ms)
			ReleaseScriptingObjects (0ms)
			CreateAndSetChildDomain (42ms)
		EndReloadAssembly (791ms)
			LoadAssemblies (86ms)
			RebuildTransferFunctionScriptingTraits (0ms)
			SetupTypeCache (277ms)
			ReleaseScriptCaches (1ms)
			RebuildScriptCaches (41ms)
			SetupLoadedEditorAssemblies (353ms)
				LogAssemblyErrors (0ms)
				InitializePlatformSupportModulesInManaged (20ms)
				SetLoadedEditorAssemblies (0ms)
				RefreshPlugins (1ms)
				BeforeProcessingInitializeOnLoad (75ms)
				ProcessInitializeOnLoadAttributes (227ms)
				ProcessInitializeOnLoadMethodAttributes (24ms)
				AfterProcessingInitializeOnLoad (6ms)
				EditorAssembliesLoaded (0ms)
			ExecutionOrderSort2 (0ms)
			AwakeInstancesAfterBackupRestoration (5ms)
Platform modules already initialized, skipping
Refreshing native plugins compatible for Editor in 2.60 ms, found 3 plugins.
Preloading 0 native plugins for Editor in 0.00 ms.
Unloading 3365 Unused Serialized files (Serialized files now loaded: 0)
Unloading 24 unused Assets / (4.9 MB). Loaded Objects now: 3919.
Memory consumption went from 128.0 MB to 123.1 MB.
Total: 3.802200 ms (FindLiveObjects: 0.327100 ms CreateObjectMapping: 0.245600 ms MarkObjects: 2.441300 ms  DeleteObjects: 0.787300 ms)

AssetImportParameters requested are different than current active one (requested -> active):
  custom:video-decoder-ogg-theora: a1e56fd34408186e4bbccfd4996cb3dc -> 
  custom:container-muxer-webm: aa71ff27fc2769a1b78a27578f13a17b -> 
  custom:container-demuxer-webm: 4f35f7cbe854078d1ac9338744f61a02 -> 
  custom:video-encoder-webm-vp8: eb34c28f22e8b96e1ab97ce403110664 -> 
  custom:audio-encoder-webm-vorbis: bf7c407c2cedff20999df2af8eb42d56 -> 
  custom:framework-win-MediaFoundation: 216162199b28c13a410421893ffa2e32 -> 
  custom:container-demuxer-ogg: 62fdf1f143b41e24485cea50d1cbac27 -> 
  custom:video-decoder-webm-vp8: 9c59270c3fd7afecdb556c50c9e8de78 -> 
  custom:audio-decoder-ogg-vorbis: bf7c407c2cedff20999df2af8eb42d56 -> 
========================================================================
Received Prepare
Registering precompiled user dll's ...
Registered in 0.006428 seconds.
Begin MonoManager ReloadAssembly
Symbol file LoadedFromMemory doesn't match image C:\Users\Ale\Desktop\3V\IAV\Proyecto Final\MeyerManoir\Library\PackageCache\com.unity.visualscripting@1.7.8\Editor\VisualScripting.Core\Dependencies\YamlDotNet\Unity.VisualScripting.YamlDotNet.dll
Symbol file LoadedFromMemory doesn't match image C:\Users\Ale\Desktop\3V\IAV\Proyecto Final\MeyerManoir\Library\PackageCache\com.unity.visualscripting@1.7.8\Editor\VisualScripting.Core\Dependencies\DotNetZip\Unity.VisualScripting.IonicZip.dll
Native extension for WindowsStandalone target not found
Native extension for Android target not found
Refreshing native plugins compatible for Editor in 0.70 ms, found 3 plugins.
Preloading 0 native plugins for Editor in 0.00 ms.
Mono: successfully reloaded assembly
- Completed reload, in  1.124 seconds
Domain Reload Profiling:
	ReloadAssembly (1125ms)
		BeginReloadAssembly (129ms)
			ExecutionOrderSort (0ms)
			DisableScriptedObjects (6ms)
			BackupInstance (0ms)
			ReleaseScriptingObjects (0ms)
			CreateAndSetChildDomain (35ms)
		EndReloadAssembly (905ms)
			LoadAssemblies (78ms)
			RebuildTransferFunctionScriptingTraits (0ms)
			SetupTypeCache (317ms)
			ReleaseScriptCaches (2ms)
			RebuildScriptCaches (53ms)
			SetupLoadedEditorAssemblies (399ms)
				LogAssemblyErrors (0ms)
				InitializePlatformSupportModulesInManaged (24ms)
				SetLoadedEditorAssemblies (0ms)
				RefreshPlugins (1ms)
				BeforeProcessingInitializeOnLoad (78ms)
				ProcessInitializeOnLoadAttributes (259ms)
				ProcessInitializeOnLoadMethodAttributes (28ms)
				AfterProcessingInitializeOnLoad (7ms)
				EditorAssembliesLoaded (0ms)
			ExecutionOrderSort2 (0ms)
			AwakeInstancesAfterBackupRestoration (6ms)
Platform modules already initialized, skipping
Refreshing native plugins compatible for Editor in 1.78 ms, found 3 plugins.
Preloading 0 native plugins for Editor in 0.00 ms.
Unloading 3365 Unused Serialized files (Serialized files now loaded: 0)
Unloading 24 unused Assets / (4.9 MB). Loaded Objects now: 3922.
Memory consumption went from 128.1 MB to 123.1 MB.
Total: 3.539200 ms (FindLiveObjects: 0.279100 ms CreateObjectMapping: 0.208200 ms MarkObjects: 2.272600 ms  DeleteObjects: 0.777800 ms)

AssetImportParameters requested are different than current active one (requested -> active):
  custom:video-decoder-ogg-theora: a1e56fd34408186e4bbccfd4996cb3dc -> 
  custom:container-muxer-webm: aa71ff27fc2769a1b78a27578f13a17b -> 
  custom:container-demuxer-webm: 4f35f7cbe854078d1ac9338744f61a02 -> 
  custom:video-encoder-webm-vp8: eb34c28f22e8b96e1ab97ce403110664 -> 
  custom:audio-encoder-webm-vorbis: bf7c407c2cedff20999df2af8eb42d56 -> 
  custom:framework-win-MediaFoundation: 216162199b28c13a410421893ffa2e32 -> 
  custom:container-demuxer-ogg: 62fdf1f143b41e24485cea50d1cbac27 -> 
  custom:video-decoder-webm-vp8: 9c59270c3fd7afecdb556c50c9e8de78 -> 
  custom:audio-decoder-ogg-vorbis: bf7c407c2cedff20999df2af8eb42d56 -> 
========================================================================
Received Prepare
Registering precompiled user dll's ...
Registered in 0.004599 seconds.
Begin MonoManager ReloadAssembly
Symbol file LoadedFromMemory doesn't match image C:\Users\Ale\Desktop\3V\IAV\Proyecto Final\MeyerManoir\Library\PackageCache\com.unity.visualscripting@1.7.8\Editor\VisualScripting.Core\Dependencies\YamlDotNet\Unity.VisualScripting.YamlDotNet.dll
Symbol file LoadedFromMemory doesn't match image C:\Users\Ale\Desktop\3V\IAV\Proyecto Final\MeyerManoir\Library\PackageCache\com.unity.visualscripting@1.7.8\Editor\VisualScripting.Core\Dependencies\DotNetZip\Unity.VisualScripting.IonicZip.dll
Native extension for WindowsStandalone target not found
Native extension for Android target not found
Refreshing native plugins compatible for Editor in 0.61 ms, found 3 plugins.
Preloading 0 native plugins for Editor in 0.00 ms.
Mono: successfully reloaded assembly
- Completed reload, in  1.175 seconds
Domain Reload Profiling:
	ReloadAssembly (1176ms)
		BeginReloadAssembly (129ms)
			ExecutionOrderSort (0ms)
			DisableScriptedObjects (6ms)
			BackupInstance (0ms)
			ReleaseScriptingObjects (0ms)
			CreateAndSetChildDomain (36ms)
		EndReloadAssembly (953ms)
			LoadAssemblies (81ms)
			RebuildTransferFunctionScriptingTraits (0ms)
			SetupTypeCache (361ms)
			ReleaseScriptCaches (1ms)
			RebuildScriptCaches (68ms)
			SetupLoadedEditorAssemblies (373ms)
				LogAssemblyErrors (0ms)
				InitializePlatformSupportModulesInManaged (24ms)
				SetLoadedEditorAssemblies (1ms)
				RefreshPlugins (1ms)
				BeforeProcessingInitializeOnLoad (74ms)
				ProcessInitializeOnLoadAttributes (240ms)
				ProcessInitializeOnLoadMethodAttributes (28ms)
				AfterProcessingInitializeOnLoad (6ms)
				EditorAssembliesLoaded (0ms)
			ExecutionOrderSort2 (0ms)
			AwakeInstancesAfterBackupRestoration (6ms)
Platform modules already initialized, skipping
Refreshing native plugins compatible for Editor in 2.57 ms, found 3 plugins.
Preloading 0 native plugins for Editor in 0.00 ms.
Unloading 3365 Unused Serialized files (Serialized files now loaded: 0)
Unloading 24 unused Assets / (4.9 MB). Loaded Objects now: 3925.
Memory consumption went from 128.2 MB to 123.2 MB.
Total: 4.344700 ms (FindLiveObjects: 0.278600 ms CreateObjectMapping: 0.411200 ms MarkObjects: 2.825700 ms  DeleteObjects: 0.827900 ms)

AssetImportParameters requested are different than current active one (requested -> active):
  custom:video-decoder-ogg-theora: a1e56fd34408186e4bbccfd4996cb3dc -> 
  custom:container-muxer-webm: aa71ff27fc2769a1b78a27578f13a17b -> 
  custom:container-demuxer-webm: 4f35f7cbe854078d1ac9338744f61a02 -> 
  custom:video-encoder-webm-vp8: eb34c28f22e8b96e1ab97ce403110664 -> 
  custom:audio-encoder-webm-vorbis: bf7c407c2cedff20999df2af8eb42d56 -> 
  custom:framework-win-MediaFoundation: 216162199b28c13a410421893ffa2e32 -> 
  custom:container-demuxer-ogg: 62fdf1f143b41e24485cea50d1cbac27 -> 
  custom:video-decoder-webm-vp8: 9c59270c3fd7afecdb556c50c9e8de78 -> 
  custom:audio-decoder-ogg-vorbis: bf7c407c2cedff20999df2af8eb42d56 -> 
========================================================================
Received Prepare
Registering precompiled user dll's ...
Registered in 0.005829 seconds.
Begin MonoManager ReloadAssembly
Symbol file LoadedFromMemory doesn't match image C:\Users\Ale\Desktop\3V\IAV\Proyecto Final\MeyerManoir\Library\PackageCache\com.unity.visualscripting@1.7.8\Editor\VisualScripting.Core\Dependencies\YamlDotNet\Unity.VisualScripting.YamlDotNet.dll
Symbol file LoadedFromMemory doesn't match image C:\Users\Ale\Desktop\3V\IAV\Proyecto Final\MeyerManoir\Library\PackageCache\com.unity.visualscripting@1.7.8\Editor\VisualScripting.Core\Dependencies\DotNetZip\Unity.VisualScripting.IonicZip.dll
Native extension for WindowsStandalone target not found
Native extension for Android target not found
Refreshing native plugins compatible for Editor in 0.53 ms, found 3 plugins.
Preloading 0 native plugins for Editor in 0.00 ms.
Mono: successfully reloaded assembly
- Completed reload, in  1.208 seconds
Domain Reload Profiling:
	ReloadAssembly (1208ms)
		BeginReloadAssembly (123ms)
			ExecutionOrderSort (0ms)
			DisableScriptedObjects (6ms)
			BackupInstance (0ms)
			ReleaseScriptingObjects (0ms)
			CreateAndSetChildDomain (33ms)
		EndReloadAssembly (994ms)
			LoadAssemblies (76ms)
			RebuildTransferFunctionScriptingTraits (0ms)
			SetupTypeCache (406ms)
			ReleaseScriptCaches (2ms)
			RebuildScriptCaches (44ms)
			SetupLoadedEditorAssemblies (410ms)
				LogAssemblyErrors (0ms)
				InitializePlatformSupportModulesInManaged (22ms)
				SetLoadedEditorAssemblies (0ms)
				RefreshPlugins (1ms)
				BeforeProcessingInitializeOnLoad (82ms)
				ProcessInitializeOnLoadAttributes (270ms)
				ProcessInitializeOnLoadMethodAttributes (28ms)
				AfterProcessingInitializeOnLoad (6ms)
				EditorAssembliesLoaded (0ms)
			ExecutionOrderSort2 (0ms)
			AwakeInstancesAfterBackupRestoration (7ms)
Platform modules already initialized, skipping
Refreshing native plugins compatible for Editor in 1.85 ms, found 3 plugins.
Preloading 0 native plugins for Editor in 0.00 ms.
Unloading 3365 Unused Serialized files (Serialized files now loaded: 0)
Unloading 24 unused Assets / (4.9 MB). Loaded Objects now: 3928.
Memory consumption went from 128.2 MB to 123.2 MB.
Total: 5.207600 ms (FindLiveObjects: 0.261400 ms CreateObjectMapping: 0.231900 ms MarkObjects: 3.957400 ms  DeleteObjects: 0.756200 ms)

AssetImportParameters requested are different than current active one (requested -> active):
  custom:video-decoder-ogg-theora: a1e56fd34408186e4bbccfd4996cb3dc -> 
  custom:container-muxer-webm: aa71ff27fc2769a1b78a27578f13a17b -> 
  custom:container-demuxer-webm: 4f35f7cbe854078d1ac9338744f61a02 -> 
  custom:video-encoder-webm-vp8: eb34c28f22e8b96e1ab97ce403110664 -> 
  custom:audio-encoder-webm-vorbis: bf7c407c2cedff20999df2af8eb42d56 -> 
  custom:framework-win-MediaFoundation: 216162199b28c13a410421893ffa2e32 -> 
  custom:container-demuxer-ogg: 62fdf1f143b41e24485cea50d1cbac27 -> 
  custom:video-decoder-webm-vp8: 9c59270c3fd7afecdb556c50c9e8de78 -> 
  custom:audio-decoder-ogg-vorbis: bf7c407c2cedff20999df2af8eb42d56 -> 
========================================================================
Received Prepare
Registering precompiled user dll's ...
Registered in 0.006261 seconds.
Begin MonoManager ReloadAssembly
Symbol file LoadedFromMemory doesn't match image C:\Users\Ale\Desktop\3V\IAV\Proyecto Final\MeyerManoir\Library\PackageCache\com.unity.visualscripting@1.7.8\Editor\VisualScripting.Core\Dependencies\YamlDotNet\Unity.VisualScripting.YamlDotNet.dll
Symbol file LoadedFromMemory doesn't match image C:\Users\Ale\Desktop\3V\IAV\Proyecto Final\MeyerManoir\Library\PackageCache\com.unity.visualscripting@1.7.8\Editor\VisualScripting.Core\Dependencies\DotNetZip\Unity.VisualScripting.IonicZip.dll
Native extension for WindowsStandalone target not found
Native extension for Android target not found
Refreshing native plugins compatible for Editor in 0.65 ms, found 3 plugins.
Preloading 0 native plugins for Editor in 0.00 ms.
Mono: successfully reloaded assembly
- Completed reload, in  1.228 seconds
Domain Reload Profiling:
	ReloadAssembly (1228ms)
		BeginReloadAssembly (134ms)
			ExecutionOrderSort (0ms)
			DisableScriptedObjects (6ms)
			BackupInstance (0ms)
			ReleaseScriptingObjects (0ms)
			CreateAndSetChildDomain (38ms)
		EndReloadAssembly (999ms)
			LoadAssemblies (81ms)
			RebuildTransferFunctionScriptingTraits (0ms)
			SetupTypeCache (323ms)
			ReleaseScriptCaches (1ms)
			RebuildScriptCaches (51ms)
			SetupLoadedEditorAssemblies (426ms)
				LogAssemblyErrors (0ms)
				InitializePlatformSupportModulesInManaged (39ms)
				SetLoadedEditorAssemblies (0ms)
				RefreshPlugins (1ms)
				BeforeProcessingInitializeOnLoad (92ms)
				ProcessInitializeOnLoadAttributes (259ms)
				ProcessInitializeOnLoadMethodAttributes (28ms)
				AfterProcessingInitializeOnLoad (7ms)
				EditorAssembliesLoaded (0ms)
			ExecutionOrderSort2 (0ms)
			AwakeInstancesAfterBackupRestoration (6ms)
Platform modules already initialized, skipping
Refreshing native plugins compatible for Editor in 1.77 ms, found 3 plugins.
Preloading 0 native plugins for Editor in 0.00 ms.
Unloading 3365 Unused Serialized files (Serialized files now loaded: 0)
Unloading 24 unused Assets / (4.9 MB). Loaded Objects now: 3931.
Memory consumption went from 128.2 MB to 123.2 MB.
Total: 3.244600 ms (FindLiveObjects: 0.250600 ms CreateObjectMapping: 0.165300 ms MarkObjects: 2.097300 ms  DeleteObjects: 0.730300 ms)

AssetImportParameters requested are different than current active one (requested -> active):
  custom:video-decoder-ogg-theora: a1e56fd34408186e4bbccfd4996cb3dc -> 
  custom:container-muxer-webm: aa71ff27fc2769a1b78a27578f13a17b -> 
  custom:container-demuxer-webm: 4f35f7cbe854078d1ac9338744f61a02 -> 
  custom:video-encoder-webm-vp8: eb34c28f22e8b96e1ab97ce403110664 -> 
  custom:audio-encoder-webm-vorbis: bf7c407c2cedff20999df2af8eb42d56 -> 
  custom:framework-win-MediaFoundation: 216162199b28c13a410421893ffa2e32 -> 
  custom:container-demuxer-ogg: 62fdf1f143b41e24485cea50d1cbac27 -> 
  custom:video-decoder-webm-vp8: 9c59270c3fd7afecdb556c50c9e8de78 -> 
  custom:audio-decoder-ogg-vorbis: bf7c407c2cedff20999df2af8eb42d56 -> 
========================================================================
Received Prepare
Registering precompiled user dll's ...
Registered in 0.006858 seconds.
Begin MonoManager ReloadAssembly
Symbol file LoadedFromMemory doesn't match image C:\Users\Ale\Desktop\3V\IAV\Proyecto Final\MeyerManoir\Library\PackageCache\com.unity.visualscripting@1.7.8\Editor\VisualScripting.Core\Dependencies\YamlDotNet\Unity.VisualScripting.YamlDotNet.dll
Symbol file LoadedFromMemory doesn't match image C:\Users\Ale\Desktop\3V\IAV\Proyecto Final\MeyerManoir\Library\PackageCache\com.unity.visualscripting@1.7.8\Editor\VisualScripting.Core\Dependencies\DotNetZip\Unity.VisualScripting.IonicZip.dll
Native extension for WindowsStandalone target not found
Native extension for Android target not found
Refreshing native plugins compatible for Editor in 0.65 ms, found 3 plugins.
Preloading 0 native plugins for Editor in 0.00 ms.
Mono: successfully reloaded assembly
- Completed reload, in  1.116 seconds
Domain Reload Profiling:
	ReloadAssembly (1117ms)
		BeginReloadAssembly (129ms)
			ExecutionOrderSort (0ms)
			DisableScriptedObjects (6ms)
			BackupInstance (0ms)
			ReleaseScriptingObjects (0ms)
			CreateAndSetChildDomain (35ms)
		EndReloadAssembly (894ms)
			LoadAssemblies (79ms)
			RebuildTransferFunctionScriptingTraits (0ms)
			SetupTypeCache (302ms)
			ReleaseScriptCaches (1ms)
			RebuildScriptCaches (55ms)
			SetupLoadedEditorAssemblies (397ms)
				LogAssemblyErrors (0ms)
				InitializePlatformSupportModulesInManaged (29ms)
				SetLoadedEditorAssemblies (1ms)
				RefreshPlugins (1ms)
				BeforeProcessingInitializeOnLoad (77ms)
				ProcessInitializeOnLoadAttributes (254ms)
				ProcessInitializeOnLoadMethodAttributes (29ms)
				AfterProcessingInitializeOnLoad (6ms)
				EditorAssembliesLoaded (0ms)
			ExecutionOrderSort2 (0ms)
			AwakeInstancesAfterBackupRestoration (6ms)
Platform modules already initialized, skipping
Refreshing native plugins compatible for Editor in 2.10 ms, found 3 plugins.
Preloading 0 native plugins for Editor in 0.00 ms.
Unloading 3365 Unused Serialized files (Serialized files now loaded: 0)
Unloading 24 unused Assets / (4.9 MB). Loaded Objects now: 3934.
Memory consumption went from 128.2 MB to 123.2 MB.
Total: 4.061900 ms (FindLiveObjects: 0.257400 ms CreateObjectMapping: 0.184500 ms MarkObjects: 2.861800 ms  DeleteObjects: 0.756900 ms)

AssetImportParameters requested are different than current active one (requested -> active):
  custom:video-decoder-ogg-theora: a1e56fd34408186e4bbccfd4996cb3dc -> 
  custom:container-muxer-webm: aa71ff27fc2769a1b78a27578f13a17b -> 
  custom:container-demuxer-webm: 4f35f7cbe854078d1ac9338744f61a02 -> 
  custom:video-encoder-webm-vp8: eb34c28f22e8b96e1ab97ce403110664 -> 
  custom:audio-encoder-webm-vorbis: bf7c407c2cedff20999df2af8eb42d56 -> 
  custom:framework-win-MediaFoundation: 216162199b28c13a410421893ffa2e32 -> 
  custom:container-demuxer-ogg: 62fdf1f143b41e24485cea50d1cbac27 -> 
  custom:video-decoder-webm-vp8: 9c59270c3fd7afecdb556c50c9e8de78 -> 
  custom:audio-decoder-ogg-vorbis: bf7c407c2cedff20999df2af8eb42d56 -> 
========================================================================
Received Prepare
Registering precompiled user dll's ...
Registered in 0.005941 seconds.
Begin MonoManager ReloadAssembly
Symbol file LoadedFromMemory doesn't match image C:\Users\Ale\Desktop\3V\IAV\Proyecto Final\MeyerManoir\Library\PackageCache\com.unity.visualscripting@1.7.8\Editor\VisualScripting.Core\Dependencies\YamlDotNet\Unity.VisualScripting.YamlDotNet.dll
Symbol file LoadedFromMemory doesn't match image C:\Users\Ale\Desktop\3V\IAV\Proyecto Final\MeyerManoir\Library\PackageCache\com.unity.visualscripting@1.7.8\Editor\VisualScripting.Core\Dependencies\DotNetZip\Unity.VisualScripting.IonicZip.dll
Native extension for WindowsStandalone target not found
Native extension for Android target not found
Refreshing native plugins compatible for Editor in 0.64 ms, found 3 plugins.
Preloading 0 native plugins for Editor in 0.00 ms.
Mono: successfully reloaded assembly
- Completed reload, in  1.059 seconds
Domain Reload Profiling:
	ReloadAssembly (1060ms)
		BeginReloadAssembly (135ms)
			ExecutionOrderSort (0ms)
			DisableScriptedObjects (5ms)
			BackupInstance (0ms)
			ReleaseScriptingObjects (0ms)
			CreateAndSetChildDomain (41ms)
		EndReloadAssembly (825ms)
			LoadAssemblies (85ms)
			RebuildTransferFunctionScriptingTraits (0ms)
			SetupTypeCache (305ms)
			ReleaseScriptCaches (1ms)
			RebuildScriptCaches (44ms)
			SetupLoadedEditorAssemblies (341ms)
				LogAssemblyErrors (0ms)
				InitializePlatformSupportModulesInManaged (22ms)
				SetLoadedEditorAssemblies (0ms)
				RefreshPlugins (1ms)
				BeforeProcessingInitializeOnLoad (73ms)
				ProcessInitializeOnLoadAttributes (217ms)
				ProcessInitializeOnLoadMethodAttributes (22ms)
				AfterProcessingInitializeOnLoad (6ms)
				EditorAssembliesLoaded (0ms)
			ExecutionOrderSort2 (0ms)
			AwakeInstancesAfterBackupRestoration (7ms)
Platform modules already initialized, skipping
Refreshing native plugins compatible for Editor in 1.74 ms, found 3 plugins.
Preloading 0 native plugins for Editor in 0.00 ms.
Unloading 3366 Unused Serialized files (Serialized files now loaded: 0)
Unloading 24 unused Assets / (4.9 MB). Loaded Objects now: 3938.
Memory consumption went from 128.1 MB to 123.2 MB.
Total: 3.907200 ms (FindLiveObjects: 0.270600 ms CreateObjectMapping: 0.203900 ms MarkObjects: 2.500200 ms  DeleteObjects: 0.931500 ms)

AssetImportParameters requested are different than current active one (requested -> active):
  custom:video-decoder-ogg-theora: a1e56fd34408186e4bbccfd4996cb3dc -> 
  custom:container-muxer-webm: aa71ff27fc2769a1b78a27578f13a17b -> 
  custom:container-demuxer-webm: 4f35f7cbe854078d1ac9338744f61a02 -> 
  custom:video-encoder-webm-vp8: eb34c28f22e8b96e1ab97ce403110664 -> 
  custom:audio-encoder-webm-vorbis: bf7c407c2cedff20999df2af8eb42d56 -> 
  custom:framework-win-MediaFoundation: 216162199b28c13a410421893ffa2e32 -> 
  custom:container-demuxer-ogg: 62fdf1f143b41e24485cea50d1cbac27 -> 
  custom:video-decoder-webm-vp8: 9c59270c3fd7afecdb556c50c9e8de78 -> 
  custom:audio-decoder-ogg-vorbis: bf7c407c2cedff20999df2af8eb42d56 -> 
========================================================================
Received Prepare
Registering precompiled user dll's ...
Registered in 0.004705 seconds.
Begin MonoManager ReloadAssembly
Symbol file LoadedFromMemory doesn't match image C:\Users\Ale\Desktop\3V\IAV\Proyecto Final\MeyerManoir\Library\PackageCache\com.unity.visualscripting@1.7.8\Editor\VisualScripting.Core\Dependencies\YamlDotNet\Unity.VisualScripting.YamlDotNet.dll
Symbol file LoadedFromMemory doesn't match image C:\Users\Ale\Desktop\3V\IAV\Proyecto Final\MeyerManoir\Library\PackageCache\com.unity.visualscripting@1.7.8\Editor\VisualScripting.Core\Dependencies\DotNetZip\Unity.VisualScripting.IonicZip.dll
Native extension for WindowsStandalone target not found
Native extension for Android target not found
Refreshing native plugins compatible for Editor in 0.58 ms, found 3 plugins.
Preloading 0 native plugins for Editor in 0.00 ms.
Mono: successfully reloaded assembly
- Completed reload, in  1.049 seconds
Domain Reload Profiling:
	ReloadAssembly (1050ms)
		BeginReloadAssembly (142ms)
			ExecutionOrderSort (0ms)
			DisableScriptedObjects (9ms)
			BackupInstance (0ms)
			ReleaseScriptingObjects (0ms)
			CreateAndSetChildDomain (43ms)
		EndReloadAssembly (805ms)
			LoadAssemblies (78ms)
			RebuildTransferFunctionScriptingTraits (0ms)
			SetupTypeCache (310ms)
			ReleaseScriptCaches (1ms)
			RebuildScriptCaches (47ms)
			SetupLoadedEditorAssemblies (326ms)
				LogAssemblyErrors (0ms)
				InitializePlatformSupportModulesInManaged (23ms)
				SetLoadedEditorAssemblies (0ms)
				RefreshPlugins (1ms)
				BeforeProcessingInitializeOnLoad (65ms)
				ProcessInitializeOnLoadAttributes (209ms)
				ProcessInitializeOnLoadMethodAttributes (22ms)
				AfterProcessingInitializeOnLoad (5ms)
				EditorAssembliesLoaded (0ms)
			ExecutionOrderSort2 (0ms)
			AwakeInstancesAfterBackupRestoration (5ms)
Platform modules already initialized, skipping
Refreshing native plugins compatible for Editor in 1.58 ms, found 3 plugins.
Preloading 0 native plugins for Editor in 0.00 ms.
Unloading 3366 Unused Serialized files (Serialized files now loaded: 0)
Unloading 24 unused Assets / (4.9 MB). Loaded Objects now: 3941.
Memory consumption went from 128.2 MB to 123.3 MB.
Total: 3.297000 ms (FindLiveObjects: 0.317200 ms CreateObjectMapping: 0.149000 ms MarkObjects: 2.157100 ms  DeleteObjects: 0.673200 ms)

AssetImportParameters requested are different than current active one (requested -> active):
  custom:video-decoder-ogg-theora: a1e56fd34408186e4bbccfd4996cb3dc -> 
  custom:container-muxer-webm: aa71ff27fc2769a1b78a27578f13a17b -> 
  custom:container-demuxer-webm: 4f35f7cbe854078d1ac9338744f61a02 -> 
  custom:video-encoder-webm-vp8: eb34c28f22e8b96e1ab97ce403110664 -> 
  custom:audio-encoder-webm-vorbis: bf7c407c2cedff20999df2af8eb42d56 -> 
  custom:framework-win-MediaFoundation: 216162199b28c13a410421893ffa2e32 -> 
  custom:container-demuxer-ogg: 62fdf1f143b41e24485cea50d1cbac27 -> 
  custom:video-decoder-webm-vp8: 9c59270c3fd7afecdb556c50c9e8de78 -> 
  custom:audio-decoder-ogg-vorbis: bf7c407c2cedff20999df2af8eb42d56 -> 
========================================================================
Received Prepare
Registering precompiled user dll's ...
Registered in 0.006890 seconds.
Begin MonoManager ReloadAssembly
Symbol file LoadedFromMemory doesn't match image C:\Users\Ale\Desktop\3V\IAV\Proyecto Final\MeyerManoir\Library\PackageCache\com.unity.visualscripting@1.7.8\Editor\VisualScripting.Core\Dependencies\YamlDotNet\Unity.VisualScripting.YamlDotNet.dll
Symbol file LoadedFromMemory doesn't match image C:\Users\Ale\Desktop\3V\IAV\Proyecto Final\MeyerManoir\Library\PackageCache\com.unity.visualscripting@1.7.8\Editor\VisualScripting.Core\Dependencies\DotNetZip\Unity.VisualScripting.IonicZip.dll
Native extension for WindowsStandalone target not found
Native extension for Android target not found
Refreshing native plugins compatible for Editor in 0.58 ms, found 3 plugins.
Preloading 0 native plugins for Editor in 0.00 ms.
Mono: successfully reloaded assembly
- Completed reload, in  1.220 seconds
Domain Reload Profiling:
	ReloadAssembly (1221ms)
		BeginReloadAssembly (138ms)
			ExecutionOrderSort (0ms)
			DisableScriptedObjects (8ms)
			BackupInstance (0ms)
			ReleaseScriptingObjects (0ms)
			CreateAndSetChildDomain (32ms)
		EndReloadAssembly (979ms)
			LoadAssemblies (83ms)
			RebuildTransferFunctionScriptingTraits (0ms)
			SetupTypeCache (373ms)
			ReleaseScriptCaches (1ms)
			RebuildScriptCaches (41ms)
			SetupLoadedEditorAssemblies (445ms)
				LogAssemblyErrors (0ms)
				InitializePlatformSupportModulesInManaged (22ms)
				SetLoadedEditorAssemblies (1ms)
				RefreshPlugins (1ms)
				BeforeProcessingInitializeOnLoad (67ms)
				ProcessInitializeOnLoadAttributes (321ms)
				ProcessInitializeOnLoadMethodAttributes (29ms)
				AfterProcessingInitializeOnLoad (6ms)
				EditorAssembliesLoaded (0ms)
			ExecutionOrderSort2 (0ms)
			AwakeInstancesAfterBackupRestoration (5ms)
Platform modules already initialized, skipping
Refreshing native plugins compatible for Editor in 1.86 ms, found 3 plugins.
Preloading 0 native plugins for Editor in 0.00 ms.
Unloading 3366 Unused Serialized files (Serialized files now loaded: 0)
Unloading 24 unused Assets / (4.9 MB). Loaded Objects now: 3944.
Memory consumption went from 128.2 MB to 123.3 MB.
Total: 3.698400 ms (FindLiveObjects: 0.270100 ms CreateObjectMapping: 0.198100 ms MarkObjects: 2.456100 ms  DeleteObjects: 0.772500 ms)

AssetImportParameters requested are different than current active one (requested -> active):
  custom:video-decoder-ogg-theora: a1e56fd34408186e4bbccfd4996cb3dc -> 
  custom:container-muxer-webm: aa71ff27fc2769a1b78a27578f13a17b -> 
  custom:container-demuxer-webm: 4f35f7cbe854078d1ac9338744f61a02 -> 
  custom:video-encoder-webm-vp8: eb34c28f22e8b96e1ab97ce403110664 -> 
  custom:audio-encoder-webm-vorbis: bf7c407c2cedff20999df2af8eb42d56 -> 
  custom:framework-win-MediaFoundation: 216162199b28c13a410421893ffa2e32 -> 
  custom:container-demuxer-ogg: 62fdf1f143b41e24485cea50d1cbac27 -> 
  custom:video-decoder-webm-vp8: 9c59270c3fd7afecdb556c50c9e8de78 -> 
  custom:audio-decoder-ogg-vorbis: bf7c407c2cedff20999df2af8eb42d56 -> 
========================================================================
Received Prepare
Registering precompiled user dll's ...
Registered in 0.005294 seconds.
Begin MonoManager ReloadAssembly
Symbol file LoadedFromMemory doesn't match image C:\Users\Ale\Desktop\3V\IAV\Proyecto Final\MeyerManoir\Library\PackageCache\com.unity.visualscripting@1.7.8\Editor\VisualScripting.Core\Dependencies\YamlDotNet\Unity.VisualScripting.YamlDotNet.dll
Symbol file LoadedFromMemory doesn't match image C:\Users\Ale\Desktop\3V\IAV\Proyecto Final\MeyerManoir\Library\PackageCache\com.unity.visualscripting@1.7.8\Editor\VisualScripting.Core\Dependencies\DotNetZip\Unity.VisualScripting.IonicZip.dll
Native extension for WindowsStandalone target not found
Native extension for Android target not found
Refreshing native plugins compatible for Editor in 0.53 ms, found 3 plugins.
Preloading 0 native plugins for Editor in 0.00 ms.
Mono: successfully reloaded assembly
- Completed reload, in  1.076 seconds
Domain Reload Profiling:
	ReloadAssembly (1077ms)
		BeginReloadAssembly (125ms)
			ExecutionOrderSort (0ms)
			DisableScriptedObjects (5ms)
			BackupInstance (0ms)
			ReleaseScriptingObjects (0ms)
			CreateAndSetChildDomain (36ms)
		EndReloadAssembly (855ms)
			LoadAssemblies (73ms)
			RebuildTransferFunctionScriptingTraits (0ms)
			SetupTypeCache (278ms)
			ReleaseScriptCaches (1ms)
			RebuildScriptCaches (48ms)
			SetupLoadedEditorAssemblies (394ms)
				LogAssemblyErrors (0ms)
				InitializePlatformSupportModulesInManaged (26ms)
				SetLoadedEditorAssemblies (1ms)
				RefreshPlugins (1ms)
				BeforeProcessingInitializeOnLoad (70ms)
				ProcessInitializeOnLoadAttributes (262ms)
				ProcessInitializeOnLoadMethodAttributes (28ms)
				AfterProcessingInitializeOnLoad (6ms)
				EditorAssembliesLoaded (0ms)
			ExecutionOrderSort2 (0ms)
			AwakeInstancesAfterBackupRestoration (7ms)
Platform modules already initialized, skipping
Refreshing native plugins compatible for Editor in 2.31 ms, found 3 plugins.
Preloading 0 native plugins for Editor in 0.00 ms.
Unloading 3366 Unused Serialized files (Serialized files now loaded: 0)
Unloading 24 unused Assets / (4.9 MB). Loaded Objects now: 3947.
Memory consumption went from 128.1 MB to 123.2 MB.
Total: 4.277800 ms (FindLiveObjects: 0.262800 ms CreateObjectMapping: 0.198200 ms MarkObjects: 2.708500 ms  DeleteObjects: 1.107100 ms)

AssetImportParameters requested are different than current active one (requested -> active):
  custom:video-decoder-ogg-theora: a1e56fd34408186e4bbccfd4996cb3dc -> 
  custom:container-muxer-webm: aa71ff27fc2769a1b78a27578f13a17b -> 
  custom:container-demuxer-webm: 4f35f7cbe854078d1ac9338744f61a02 -> 
  custom:video-encoder-webm-vp8: eb34c28f22e8b96e1ab97ce403110664 -> 
  custom:audio-encoder-webm-vorbis: bf7c407c2cedff20999df2af8eb42d56 -> 
  custom:framework-win-MediaFoundation: 216162199b28c13a410421893ffa2e32 -> 
  custom:container-demuxer-ogg: 62fdf1f143b41e24485cea50d1cbac27 -> 
  custom:video-decoder-webm-vp8: 9c59270c3fd7afecdb556c50c9e8de78 -> 
  custom:audio-decoder-ogg-vorbis: bf7c407c2cedff20999df2af8eb42d56 -> 
========================================================================
Received Prepare
Registering precompiled user dll's ...
Registered in 0.005217 seconds.
Begin MonoManager ReloadAssembly
Symbol file LoadedFromMemory doesn't match image C:\Users\Ale\Desktop\3V\IAV\Proyecto Final\MeyerManoir\Library\PackageCache\com.unity.visualscripting@1.7.8\Editor\VisualScripting.Core\Dependencies\YamlDotNet\Unity.VisualScripting.YamlDotNet.dll
Symbol file LoadedFromMemory doesn't match image C:\Users\Ale\Desktop\3V\IAV\Proyecto Final\MeyerManoir\Library\PackageCache\com.unity.visualscripting@1.7.8\Editor\VisualScripting.Core\Dependencies\DotNetZip\Unity.VisualScripting.IonicZip.dll
Native extension for WindowsStandalone target not found
Native extension for Android target not found
Refreshing native plugins compatible for Editor in 0.58 ms, found 3 plugins.
Preloading 0 native plugins for Editor in 0.00 ms.
Mono: successfully reloaded assembly
- Completed reload, in  1.096 seconds
Domain Reload Profiling:
	ReloadAssembly (1096ms)
		BeginReloadAssembly (144ms)
			ExecutionOrderSort (0ms)
			DisableScriptedObjects (6ms)
			BackupInstance (0ms)
			ReleaseScriptingObjects (0ms)
			CreateAndSetChildDomain (36ms)
		EndReloadAssembly (851ms)
			LoadAssemblies (90ms)
			RebuildTransferFunctionScriptingTraits (0ms)
			SetupTypeCache (290ms)
			ReleaseScriptCaches (2ms)
			RebuildScriptCaches (46ms)
			SetupLoadedEditorAssemblies (377ms)
				LogAssemblyErrors (0ms)
				InitializePlatformSupportModulesInManaged (22ms)
				SetLoadedEditorAssemblies (0ms)
				RefreshPlugins (1ms)
				BeforeProcessingInitializeOnLoad (68ms)
				ProcessInitializeOnLoadAttributes (249ms)
				ProcessInitializeOnLoadMethodAttributes (30ms)
				AfterProcessingInitializeOnLoad (6ms)
				EditorAssembliesLoaded (0ms)
			ExecutionOrderSort2 (0ms)
			AwakeInstancesAfterBackupRestoration (7ms)
Platform modules already initialized, skipping
Refreshing native plugins compatible for Editor in 3.46 ms, found 3 plugins.
Preloading 0 native plugins for Editor in 0.02 ms.
Unloading 3366 Unused Serialized files (Serialized files now loaded: 0)
Unloading 24 unused Assets / (4.9 MB). Loaded Objects now: 3950.
Memory consumption went from 128.2 MB to 123.2 MB.
Total: 4.296900 ms (FindLiveObjects: 0.417900 ms CreateObjectMapping: 0.273800 ms MarkObjects: 2.618200 ms  DeleteObjects: 0.985400 ms)

AssetImportParameters requested are different than current active one (requested -> active):
  custom:video-decoder-ogg-theora: a1e56fd34408186e4bbccfd4996cb3dc -> 
  custom:container-muxer-webm: aa71ff27fc2769a1b78a27578f13a17b -> 
  custom:container-demuxer-webm: 4f35f7cbe854078d1ac9338744f61a02 -> 
  custom:video-encoder-webm-vp8: eb34c28f22e8b96e1ab97ce403110664 -> 
  custom:audio-encoder-webm-vorbis: bf7c407c2cedff20999df2af8eb42d56 -> 
  custom:framework-win-MediaFoundation: 216162199b28c13a410421893ffa2e32 -> 
  custom:container-demuxer-ogg: 62fdf1f143b41e24485cea50d1cbac27 -> 
  custom:video-decoder-webm-vp8: 9c59270c3fd7afecdb556c50c9e8de78 -> 
  custom:audio-decoder-ogg-vorbis: bf7c407c2cedff20999df2af8eb42d56 -> 
========================================================================
Received Prepare
Registering precompiled user dll's ...
Registered in 0.005885 seconds.
Begin MonoManager ReloadAssembly
Symbol file LoadedFromMemory doesn't match image C:\Users\Ale\Desktop\3V\IAV\Proyecto Final\MeyerManoir\Library\PackageCache\com.unity.visualscripting@1.7.8\Editor\VisualScripting.Core\Dependencies\YamlDotNet\Unity.VisualScripting.YamlDotNet.dll
Symbol file LoadedFromMemory doesn't match image C:\Users\Ale\Desktop\3V\IAV\Proyecto Final\MeyerManoir\Library\PackageCache\com.unity.visualscripting@1.7.8\Editor\VisualScripting.Core\Dependencies\DotNetZip\Unity.VisualScripting.IonicZip.dll
Native extension for WindowsStandalone target not found
Native extension for Android target not found
Refreshing native plugins compatible for Editor in 0.63 ms, found 3 plugins.
Preloading 0 native plugins for Editor in 0.00 ms.
Mono: successfully reloaded assembly
- Completed reload, in  1.196 seconds
Domain Reload Profiling:
	ReloadAssembly (1196ms)
		BeginReloadAssembly (127ms)
			ExecutionOrderSort (0ms)
			DisableScriptedObjects (5ms)
			BackupInstance (0ms)
			ReleaseScriptingObjects (0ms)
			CreateAndSetChildDomain (33ms)
		EndReloadAssembly (915ms)
			LoadAssemblies (87ms)
			RebuildTransferFunctionScriptingTraits (0ms)
			SetupTypeCache (310ms)
			ReleaseScriptCaches (1ms)
			RebuildScriptCaches (53ms)
			SetupLoadedEditorAssemblies (388ms)
				LogAssemblyErrors (0ms)
				InitializePlatformSupportModulesInManaged (24ms)
				SetLoadedEditorAssemblies (0ms)
				RefreshPlugins (1ms)
				BeforeProcessingInitializeOnLoad (78ms)
				ProcessInitializeOnLoadAttributes (249ms)
				ProcessInitializeOnLoadMethodAttributes (28ms)
				AfterProcessingInitializeOnLoad (7ms)
				EditorAssembliesLoaded (0ms)
			ExecutionOrderSort2 (0ms)
			AwakeInstancesAfterBackupRestoration (6ms)
Platform modules already initialized, skipping
Refreshing native plugins compatible for Editor in 2.52 ms, found 3 plugins.
Preloading 0 native plugins for Editor in 0.00 ms.
Unloading 3366 Unused Serialized files (Serialized files now loaded: 0)
Unloading 24 unused Assets / (4.9 MB). Loaded Objects now: 3953.
Memory consumption went from 128.3 MB to 123.3 MB.
Total: 4.487000 ms (FindLiveObjects: 0.395000 ms CreateObjectMapping: 0.279500 ms MarkObjects: 2.922600 ms  DeleteObjects: 0.888700 ms)

AssetImportParameters requested are different than current active one (requested -> active):
  custom:video-decoder-ogg-theora: a1e56fd34408186e4bbccfd4996cb3dc -> 
  custom:container-muxer-webm: aa71ff27fc2769a1b78a27578f13a17b -> 
  custom:container-demuxer-webm: 4f35f7cbe854078d1ac9338744f61a02 -> 
  custom:video-encoder-webm-vp8: eb34c28f22e8b96e1ab97ce403110664 -> 
  custom:audio-encoder-webm-vorbis: bf7c407c2cedff20999df2af8eb42d56 -> 
  custom:framework-win-MediaFoundation: 216162199b28c13a410421893ffa2e32 -> 
  custom:container-demuxer-ogg: 62fdf1f143b41e24485cea50d1cbac27 -> 
  custom:video-decoder-webm-vp8: 9c59270c3fd7afecdb556c50c9e8de78 -> 
  custom:audio-decoder-ogg-vorbis: bf7c407c2cedff20999df2af8eb42d56 -> 
========================================================================
Received Prepare
Registering precompiled user dll's ...
Registered in 0.006513 seconds.
Begin MonoManager ReloadAssembly
Symbol file LoadedFromMemory doesn't match image C:\Users\Ale\Desktop\3V\IAV\Proyecto Final\MeyerManoir\Library\PackageCache\com.unity.visualscripting@1.7.8\Editor\VisualScripting.Core\Dependencies\YamlDotNet\Unity.VisualScripting.YamlDotNet.dll
Symbol file LoadedFromMemory doesn't match image C:\Users\Ale\Desktop\3V\IAV\Proyecto Final\MeyerManoir\Library\PackageCache\com.unity.visualscripting@1.7.8\Editor\VisualScripting.Core\Dependencies\DotNetZip\Unity.VisualScripting.IonicZip.dll
Native extension for WindowsStandalone target not found
Native extension for Android target not found
Refreshing native plugins compatible for Editor in 0.68 ms, found 3 plugins.
Preloading 0 native plugins for Editor in 0.00 ms.
Mono: successfully reloaded assembly
- Completed reload, in  1.141 seconds
Domain Reload Profiling:
	ReloadAssembly (1142ms)
		BeginReloadAssembly (135ms)
			ExecutionOrderSort (0ms)
			DisableScriptedObjects (6ms)
			BackupInstance (0ms)
			ReleaseScriptingObjects (0ms)
			CreateAndSetChildDomain (36ms)
		EndReloadAssembly (915ms)
			LoadAssemblies (75ms)
			RebuildTransferFunctionScriptingTraits (0ms)
			SetupTypeCache (302ms)
			ReleaseScriptCaches (2ms)
			RebuildScriptCaches (50ms)
			SetupLoadedEditorAssemblies (428ms)
				LogAssemblyErrors (0ms)
				InitializePlatformSupportModulesInManaged (24ms)
				SetLoadedEditorAssemblies (1ms)
				RefreshPlugins (1ms)
				BeforeProcessingInitializeOnLoad (82ms)
				ProcessInitializeOnLoadAttributes (286ms)
				ProcessInitializeOnLoadMethodAttributes (29ms)
				AfterProcessingInitializeOnLoad (6ms)
				EditorAssembliesLoaded (0ms)
			ExecutionOrderSort2 (0ms)
			AwakeInstancesAfterBackupRestoration (6ms)
Platform modules already initialized, skipping
Refreshing native plugins compatible for Editor in 2.70 ms, found 3 plugins.
Preloading 0 native plugins for Editor in 0.00 ms.
Unloading 3366 Unused Serialized files (Serialized files now loaded: 0)
Unloading 24 unused Assets / (4.9 MB). Loaded Objects now: 3956.
Memory consumption went from 128.3 MB to 123.3 MB.
Total: 3.969000 ms (FindLiveObjects: 0.288400 ms CreateObjectMapping: 0.208200 ms MarkObjects: 2.710000 ms  DeleteObjects: 0.761300 ms)

AssetImportParameters requested are different than current active one (requested -> active):
  custom:video-decoder-ogg-theora: a1e56fd34408186e4bbccfd4996cb3dc -> 
  custom:container-muxer-webm: aa71ff27fc2769a1b78a27578f13a17b -> 
  custom:container-demuxer-webm: 4f35f7cbe854078d1ac9338744f61a02 -> 
  custom:video-encoder-webm-vp8: eb34c28f22e8b96e1ab97ce403110664 -> 
  custom:audio-encoder-webm-vorbis: bf7c407c2cedff20999df2af8eb42d56 -> 
  custom:framework-win-MediaFoundation: 216162199b28c13a410421893ffa2e32 -> 
  custom:container-demuxer-ogg: 62fdf1f143b41e24485cea50d1cbac27 -> 
  custom:video-decoder-webm-vp8: 9c59270c3fd7afecdb556c50c9e8de78 -> 
  custom:audio-decoder-ogg-vorbis: bf7c407c2cedff20999df2af8eb42d56 -> 
========================================================================
Received Prepare
Registering precompiled user dll's ...
Registered in 0.005482 seconds.
Begin MonoManager ReloadAssembly
Symbol file LoadedFromMemory doesn't match image C:\Users\Ale\Desktop\3V\IAV\Proyecto Final\MeyerManoir\Library\PackageCache\com.unity.visualscripting@1.7.8\Editor\VisualScripting.Core\Dependencies\YamlDotNet\Unity.VisualScripting.YamlDotNet.dll
Symbol file LoadedFromMemory doesn't match image C:\Users\Ale\Desktop\3V\IAV\Proyecto Final\MeyerManoir\Library\PackageCache\com.unity.visualscripting@1.7.8\Editor\VisualScripting.Core\Dependencies\DotNetZip\Unity.VisualScripting.IonicZip.dll
Native extension for WindowsStandalone target not found
Native extension for Android target not found
Refreshing native plugins compatible for Editor in 0.52 ms, found 3 plugins.
Preloading 0 native plugins for Editor in 0.00 ms.
Mono: successfully reloaded assembly
- Completed reload, in  1.137 seconds
Domain Reload Profiling:
	ReloadAssembly (1138ms)
		BeginReloadAssembly (147ms)
			ExecutionOrderSort (0ms)
			DisableScriptedObjects (6ms)
			BackupInstance (0ms)
			ReleaseScriptingObjects (0ms)
			CreateAndSetChildDomain (50ms)
		EndReloadAssembly (891ms)
			LoadAssemblies (76ms)
			RebuildTransferFunctionScriptingTraits (0ms)
			SetupTypeCache (377ms)
			ReleaseScriptCaches (1ms)
			RebuildScriptCaches (50ms)
			SetupLoadedEditorAssemblies (328ms)
				LogAssemblyErrors (0ms)
				InitializePlatformSupportModulesInManaged (22ms)
				SetLoadedEditorAssemblies (0ms)
				RefreshPlugins (1ms)
				BeforeProcessingInitializeOnLoad (65ms)
				ProcessInitializeOnLoadAttributes (210ms)
				ProcessInitializeOnLoadMethodAttributes (22ms)
				AfterProcessingInitializeOnLoad (7ms)
				EditorAssembliesLoaded (0ms)
			ExecutionOrderSort2 (0ms)
			AwakeInstancesAfterBackupRestoration (5ms)
Platform modules already initialized, skipping
Refreshing native plugins compatible for Editor in 2.48 ms, found 3 plugins.
Preloading 0 native plugins for Editor in 0.00 ms.
Unloading 3366 Unused Serialized files (Serialized files now loaded: 0)
Unloading 24 unused Assets / (4.9 MB). Loaded Objects now: 3959.
Memory consumption went from 128.3 MB to 123.3 MB.
Total: 4.777300 ms (FindLiveObjects: 0.247900 ms CreateObjectMapping: 0.190300 ms MarkObjects: 3.591500 ms  DeleteObjects: 0.746600 ms)

AssetImportParameters requested are different than current active one (requested -> active):
  custom:video-decoder-ogg-theora: a1e56fd34408186e4bbccfd4996cb3dc -> 
  custom:container-muxer-webm: aa71ff27fc2769a1b78a27578f13a17b -> 
  custom:container-demuxer-webm: 4f35f7cbe854078d1ac9338744f61a02 -> 
  custom:video-encoder-webm-vp8: eb34c28f22e8b96e1ab97ce403110664 -> 
  custom:audio-encoder-webm-vorbis: bf7c407c2cedff20999df2af8eb42d56 -> 
  custom:framework-win-MediaFoundation: 216162199b28c13a410421893ffa2e32 -> 
  custom:container-demuxer-ogg: 62fdf1f143b41e24485cea50d1cbac27 -> 
  custom:video-decoder-webm-vp8: 9c59270c3fd7afecdb556c50c9e8de78 -> 
  custom:audio-decoder-ogg-vorbis: bf7c407c2cedff20999df2af8eb42d56 -> 
========================================================================
Received Prepare
Registering precompiled user dll's ...
Registered in 0.004827 seconds.
Begin MonoManager ReloadAssembly
Symbol file LoadedFromMemory doesn't match image C:\Users\Ale\Desktop\3V\IAV\Proyecto Final\MeyerManoir\Library\PackageCache\com.unity.visualscripting@1.7.8\Editor\VisualScripting.Core\Dependencies\YamlDotNet\Unity.VisualScripting.YamlDotNet.dll
Symbol file LoadedFromMemory doesn't match image C:\Users\Ale\Desktop\3V\IAV\Proyecto Final\MeyerManoir\Library\PackageCache\com.unity.visualscripting@1.7.8\Editor\VisualScripting.Core\Dependencies\DotNetZip\Unity.VisualScripting.IonicZip.dll
Native extension for WindowsStandalone target not found
Native extension for Android target not found
Refreshing native plugins compatible for Editor in 0.56 ms, found 3 plugins.
Preloading 0 native plugins for Editor in 0.00 ms.
Mono: successfully reloaded assembly
- Completed reload, in  1.220 seconds
Domain Reload Profiling:
	ReloadAssembly (1221ms)
		BeginReloadAssembly (224ms)
			ExecutionOrderSort (0ms)
			DisableScriptedObjects (5ms)
			BackupInstance (0ms)
			ReleaseScriptingObjects (0ms)
			CreateAndSetChildDomain (53ms)
		EndReloadAssembly (880ms)
			LoadAssemblies (159ms)
			RebuildTransferFunctionScriptingTraits (0ms)
			SetupTypeCache (298ms)
			ReleaseScriptCaches (1ms)
			RebuildScriptCaches (43ms)
			SetupLoadedEditorAssemblies (406ms)
				LogAssemblyErrors (0ms)
				InitializePlatformSupportModulesInManaged (22ms)
				SetLoadedEditorAssemblies (0ms)
				RefreshPlugins (1ms)
				BeforeProcessingInitializeOnLoad (71ms)
				ProcessInitializeOnLoadAttributes (274ms)
				ProcessInitializeOnLoadMethodAttributes (33ms)
				AfterProcessingInitializeOnLoad (5ms)
				EditorAssembliesLoaded (0ms)
			ExecutionOrderSort2 (0ms)
			AwakeInstancesAfterBackupRestoration (6ms)
Platform modules already initialized, skipping
Refreshing native plugins compatible for Editor in 1.99 ms, found 3 plugins.
Preloading 0 native plugins for Editor in 0.00 ms.
Unloading 3366 Unused Serialized files (Serialized files now loaded: 0)
Unloading 24 unused Assets / (4.9 MB). Loaded Objects now: 3962.
Memory consumption went from 128.3 MB to 123.3 MB.
Total: 3.560300 ms (FindLiveObjects: 0.246800 ms CreateObjectMapping: 0.176400 ms MarkObjects: 2.255400 ms  DeleteObjects: 0.880500 ms)

AssetImportParameters requested are different than current active one (requested -> active):
  custom:video-decoder-ogg-theora: a1e56fd34408186e4bbccfd4996cb3dc -> 
  custom:container-muxer-webm: aa71ff27fc2769a1b78a27578f13a17b -> 
  custom:container-demuxer-webm: 4f35f7cbe854078d1ac9338744f61a02 -> 
  custom:video-encoder-webm-vp8: eb34c28f22e8b96e1ab97ce403110664 -> 
  custom:audio-encoder-webm-vorbis: bf7c407c2cedff20999df2af8eb42d56 -> 
  custom:framework-win-MediaFoundation: 216162199b28c13a410421893ffa2e32 -> 
  custom:container-demuxer-ogg: 62fdf1f143b41e24485cea50d1cbac27 -> 
  custom:video-decoder-webm-vp8: 9c59270c3fd7afecdb556c50c9e8de78 -> 
  custom:audio-decoder-ogg-vorbis: bf7c407c2cedff20999df2af8eb42d56 -> 
========================================================================
Received Prepare
Registering precompiled user dll's ...
Registered in 0.005086 seconds.
Begin MonoManager ReloadAssembly
Symbol file LoadedFromMemory doesn't match image C:\Users\Ale\Desktop\3V\IAV\Proyecto Final\MeyerManoir\Library\PackageCache\com.unity.visualscripting@1.7.8\Editor\VisualScripting.Core\Dependencies\YamlDotNet\Unity.VisualScripting.YamlDotNet.dll
Symbol file LoadedFromMemory doesn't match image C:\Users\Ale\Desktop\3V\IAV\Proyecto Final\MeyerManoir\Library\PackageCache\com.unity.visualscripting@1.7.8\Editor\VisualScripting.Core\Dependencies\DotNetZip\Unity.VisualScripting.IonicZip.dll
Native extension for WindowsStandalone target not found
Native extension for Android target not found
Refreshing native plugins compatible for Editor in 0.64 ms, found 3 plugins.
Preloading 0 native plugins for Editor in 0.00 ms.
Mono: successfully reloaded assembly
- Completed reload, in  1.199 seconds
Domain Reload Profiling:
	ReloadAssembly (1199ms)
		BeginReloadAssembly (128ms)
			ExecutionOrderSort (0ms)
			DisableScriptedObjects (5ms)
			BackupInstance (0ms)
			ReleaseScriptingObjects (0ms)
			CreateAndSetChildDomain (39ms)
		EndReloadAssembly (972ms)
			LoadAssemblies (79ms)
			RebuildTransferFunctionScriptingTraits (0ms)
			SetupTypeCache (391ms)
			ReleaseScriptCaches (1ms)
			RebuildScriptCaches (54ms)
			SetupLoadedEditorAssemblies (369ms)
				LogAssemblyErrors (0ms)
				InitializePlatformSupportModulesInManaged (22ms)
				SetLoadedEditorAssemblies (0ms)
				RefreshPlugins (1ms)
				BeforeProcessingInitializeOnLoad (79ms)
				ProcessInitializeOnLoadAttributes (235ms)
				ProcessInitializeOnLoadMethodAttributes (26ms)
				AfterProcessingInitializeOnLoad (6ms)
				EditorAssembliesLoaded (0ms)
			ExecutionOrderSort2 (0ms)
			AwakeInstancesAfterBackupRestoration (5ms)
Platform modules already initialized, skipping
Refreshing native plugins compatible for Editor in 2.02 ms, found 3 plugins.
Preloading 0 native plugins for Editor in 0.00 ms.
Unloading 3366 Unused Serialized files (Serialized files now loaded: 0)
Unloading 24 unused Assets / (4.9 MB). Loaded Objects now: 3965.
Memory consumption went from 128.2 MB to 123.3 MB.
Total: 4.644300 ms (FindLiveObjects: 0.253100 ms CreateObjectMapping: 0.265000 ms MarkObjects: 3.002700 ms  DeleteObjects: 1.121700 ms)

AssetImportParameters requested are different than current active one (requested -> active):
  custom:video-decoder-ogg-theora: a1e56fd34408186e4bbccfd4996cb3dc -> 
  custom:container-muxer-webm: aa71ff27fc2769a1b78a27578f13a17b -> 
  custom:container-demuxer-webm: 4f35f7cbe854078d1ac9338744f61a02 -> 
  custom:video-encoder-webm-vp8: eb34c28f22e8b96e1ab97ce403110664 -> 
  custom:audio-encoder-webm-vorbis: bf7c407c2cedff20999df2af8eb42d56 -> 
  custom:framework-win-MediaFoundation: 216162199b28c13a410421893ffa2e32 -> 
  custom:container-demuxer-ogg: 62fdf1f143b41e24485cea50d1cbac27 -> 
  custom:video-decoder-webm-vp8: 9c59270c3fd7afecdb556c50c9e8de78 -> 
  custom:audio-decoder-ogg-vorbis: bf7c407c2cedff20999df2af8eb42d56 -> 
========================================================================
Received Prepare
Registering precompiled user dll's ...
Registered in 0.006641 seconds.
Begin MonoManager ReloadAssembly
Symbol file LoadedFromMemory doesn't match image C:\Users\Ale\Desktop\3V\IAV\Proyecto Final\MeyerManoir\Library\PackageCache\com.unity.visualscripting@1.7.8\Editor\VisualScripting.Core\Dependencies\YamlDotNet\Unity.VisualScripting.YamlDotNet.dll
Symbol file LoadedFromMemory doesn't match image C:\Users\Ale\Desktop\3V\IAV\Proyecto Final\MeyerManoir\Library\PackageCache\com.unity.visualscripting@1.7.8\Editor\VisualScripting.Core\Dependencies\DotNetZip\Unity.VisualScripting.IonicZip.dll
Native extension for WindowsStandalone target not found
Native extension for Android target not found
Refreshing native plugins compatible for Editor in 0.70 ms, found 3 plugins.
Preloading 0 native plugins for Editor in 0.00 ms.
Mono: successfully reloaded assembly
- Completed reload, in  1.184 seconds
Domain Reload Profiling:
	ReloadAssembly (1185ms)
		BeginReloadAssembly (129ms)
			ExecutionOrderSort (0ms)
			DisableScriptedObjects (6ms)
			BackupInstance (0ms)
			ReleaseScriptingObjects (0ms)
			CreateAndSetChildDomain (36ms)
		EndReloadAssembly (960ms)
			LoadAssemblies (78ms)
			RebuildTransferFunctionScriptingTraits (0ms)
			SetupTypeCache (294ms)
			ReleaseScriptCaches (1ms)
			RebuildScriptCaches (54ms)
			SetupLoadedEditorAssemblies (403ms)
				LogAssemblyErrors (0ms)
				InitializePlatformSupportModulesInManaged (32ms)
				SetLoadedEditorAssemblies (1ms)
				RefreshPlugins (1ms)
				BeforeProcessingInitializeOnLoad (94ms)
				ProcessInitializeOnLoadAttributes (243ms)
				ProcessInitializeOnLoadMethodAttributes (25ms)
				AfterProcessingInitializeOnLoad (7ms)
				EditorAssembliesLoaded (0ms)
			ExecutionOrderSort2 (0ms)
			AwakeInstancesAfterBackupRestoration (5ms)
Platform modules already initialized, skipping
Refreshing native plugins compatible for Editor in 1.93 ms, found 3 plugins.
Preloading 0 native plugins for Editor in 0.00 ms.
Unloading 3366 Unused Serialized files (Serialized files now loaded: 0)
Unloading 24 unused Assets / (4.9 MB). Loaded Objects now: 3968.
Memory consumption went from 128.3 MB to 123.4 MB.
Total: 4.343900 ms (FindLiveObjects: 0.592000 ms CreateObjectMapping: 0.283100 ms MarkObjects: 2.363000 ms  DeleteObjects: 1.105000 ms)

AssetImportParameters requested are different than current active one (requested -> active):
  custom:video-decoder-ogg-theora: a1e56fd34408186e4bbccfd4996cb3dc -> 
  custom:container-muxer-webm: aa71ff27fc2769a1b78a27578f13a17b -> 
  custom:container-demuxer-webm: 4f35f7cbe854078d1ac9338744f61a02 -> 
  custom:video-encoder-webm-vp8: eb34c28f22e8b96e1ab97ce403110664 -> 
  custom:audio-encoder-webm-vorbis: bf7c407c2cedff20999df2af8eb42d56 -> 
  custom:framework-win-MediaFoundation: 216162199b28c13a410421893ffa2e32 -> 
  custom:container-demuxer-ogg: 62fdf1f143b41e24485cea50d1cbac27 -> 
  custom:video-decoder-webm-vp8: 9c59270c3fd7afecdb556c50c9e8de78 -> 
  custom:audio-decoder-ogg-vorbis: bf7c407c2cedff20999df2af8eb42d56 -> 
========================================================================
Received Prepare
Registering precompiled user dll's ...
Registered in 0.006415 seconds.
Begin MonoManager ReloadAssembly
Symbol file LoadedFromMemory doesn't match image C:\Users\Ale\Desktop\3V\IAV\Proyecto Final\MeyerManoir\Library\PackageCache\com.unity.visualscripting@1.7.8\Editor\VisualScripting.Core\Dependencies\YamlDotNet\Unity.VisualScripting.YamlDotNet.dll
Symbol file LoadedFromMemory doesn't match image C:\Users\Ale\Desktop\3V\IAV\Proyecto Final\MeyerManoir\Library\PackageCache\com.unity.visualscripting@1.7.8\Editor\VisualScripting.Core\Dependencies\DotNetZip\Unity.VisualScripting.IonicZip.dll
Native extension for WindowsStandalone target not found
Native extension for Android target not found
Refreshing native plugins compatible for Editor in 0.55 ms, found 3 plugins.
Preloading 0 native plugins for Editor in 0.00 ms.
Mono: successfully reloaded assembly
- Completed reload, in  1.171 seconds
Domain Reload Profiling:
	ReloadAssembly (1172ms)
		BeginReloadAssembly (122ms)
			ExecutionOrderSort (0ms)
			DisableScriptedObjects (6ms)
			BackupInstance (0ms)
			ReleaseScriptingObjects (0ms)
			CreateAndSetChildDomain (31ms)
		EndReloadAssembly (945ms)
			LoadAssemblies (76ms)
			RebuildTransferFunctionScriptingTraits (0ms)
			SetupTypeCache (289ms)
			ReleaseScriptCaches (1ms)
			RebuildScriptCaches (74ms)
			SetupLoadedEditorAssemblies (416ms)
				LogAssemblyErrors (0ms)
				InitializePlatformSupportModulesInManaged (22ms)
				SetLoadedEditorAssemblies (0ms)
				RefreshPlugins (1ms)
				BeforeProcessingInitializeOnLoad (96ms)
				ProcessInitializeOnLoadAttributes (258ms)
				ProcessInitializeOnLoadMethodAttributes (30ms)
				AfterProcessingInitializeOnLoad (7ms)
				EditorAssembliesLoaded (0ms)
			ExecutionOrderSort2 (0ms)
			AwakeInstancesAfterBackupRestoration (6ms)
Platform modules already initialized, skipping
Refreshing native plugins compatible for Editor in 3.29 ms, found 3 plugins.
Preloading 0 native plugins for Editor in 0.00 ms.
Unloading 3366 Unused Serialized files (Serialized files now loaded: 0)
Unloading 24 unused Assets / (4.9 MB). Loaded Objects now: 3971.
Memory consumption went from 128.3 MB to 123.3 MB.
Total: 3.939900 ms (FindLiveObjects: 0.285800 ms CreateObjectMapping: 0.208800 ms MarkObjects: 2.571400 ms  DeleteObjects: 0.872800 ms)

AssetImportParameters requested are different than current active one (requested -> active):
  custom:video-decoder-ogg-theora: a1e56fd34408186e4bbccfd4996cb3dc -> 
  custom:container-muxer-webm: aa71ff27fc2769a1b78a27578f13a17b -> 
  custom:container-demuxer-webm: 4f35f7cbe854078d1ac9338744f61a02 -> 
  custom:video-encoder-webm-vp8: eb34c28f22e8b96e1ab97ce403110664 -> 
  custom:audio-encoder-webm-vorbis: bf7c407c2cedff20999df2af8eb42d56 -> 
  custom:framework-win-MediaFoundation: 216162199b28c13a410421893ffa2e32 -> 
  custom:container-demuxer-ogg: 62fdf1f143b41e24485cea50d1cbac27 -> 
  custom:video-decoder-webm-vp8: 9c59270c3fd7afecdb556c50c9e8de78 -> 
  custom:audio-decoder-ogg-vorbis: bf7c407c2cedff20999df2af8eb42d56 -> 
========================================================================
Received Prepare
Registering precompiled user dll's ...
Registered in 0.006374 seconds.
Begin MonoManager ReloadAssembly
Symbol file LoadedFromMemory doesn't match image C:\Users\Ale\Desktop\3V\IAV\Proyecto Final\MeyerManoir\Library\PackageCache\com.unity.visualscripting@1.7.8\Editor\VisualScripting.Core\Dependencies\YamlDotNet\Unity.VisualScripting.YamlDotNet.dll
Symbol file LoadedFromMemory doesn't match image C:\Users\Ale\Desktop\3V\IAV\Proyecto Final\MeyerManoir\Library\PackageCache\com.unity.visualscripting@1.7.8\Editor\VisualScripting.Core\Dependencies\DotNetZip\Unity.VisualScripting.IonicZip.dll
Native extension for WindowsStandalone target not found
Native extension for Android target not found
Refreshing native plugins compatible for Editor in 0.67 ms, found 3 plugins.
Preloading 0 native plugins for Editor in 0.00 ms.
Mono: successfully reloaded assembly
- Completed reload, in  1.140 seconds
Domain Reload Profiling:
	ReloadAssembly (1141ms)
		BeginReloadAssembly (129ms)
			ExecutionOrderSort (0ms)
			DisableScriptedObjects (6ms)
			BackupInstance (0ms)
			ReleaseScriptingObjects (0ms)
			CreateAndSetChildDomain (34ms)
		EndReloadAssembly (913ms)
			LoadAssemblies (79ms)
			RebuildTransferFunctionScriptingTraits (0ms)
			SetupTypeCache (268ms)
			ReleaseScriptCaches (2ms)
			RebuildScriptCaches (51ms)
			SetupLoadedEditorAssemblies (403ms)
				LogAssemblyErrors (0ms)
				InitializePlatformSupportModulesInManaged (31ms)
				SetLoadedEditorAssemblies (1ms)
				RefreshPlugins (1ms)
				BeforeProcessingInitializeOnLoad (90ms)
				ProcessInitializeOnLoadAttributes (244ms)
				ProcessInitializeOnLoadMethodAttributes (30ms)
				AfterProcessingInitializeOnLoad (7ms)
				EditorAssembliesLoaded (0ms)
			ExecutionOrderSort2 (0ms)
			AwakeInstancesAfterBackupRestoration (6ms)
Platform modules already initialized, skipping
Refreshing native plugins compatible for Editor in 2.29 ms, found 3 plugins.
Preloading 0 native plugins for Editor in 0.00 ms.
Unloading 3366 Unused Serialized files (Serialized files now loaded: 0)
Unloading 24 unused Assets / (4.9 MB). Loaded Objects now: 3974.
Memory consumption went from 128.2 MB to 123.3 MB.
Total: 4.143500 ms (FindLiveObjects: 0.383100 ms CreateObjectMapping: 0.453300 ms MarkObjects: 2.295900 ms  DeleteObjects: 1.010000 ms)

AssetImportParameters requested are different than current active one (requested -> active):
  custom:video-decoder-ogg-theora: a1e56fd34408186e4bbccfd4996cb3dc -> 
  custom:container-muxer-webm: aa71ff27fc2769a1b78a27578f13a17b -> 
  custom:container-demuxer-webm: 4f35f7cbe854078d1ac9338744f61a02 -> 
  custom:video-encoder-webm-vp8: eb34c28f22e8b96e1ab97ce403110664 -> 
  custom:audio-encoder-webm-vorbis: bf7c407c2cedff20999df2af8eb42d56 -> 
  custom:framework-win-MediaFoundation: 216162199b28c13a410421893ffa2e32 -> 
  custom:container-demuxer-ogg: 62fdf1f143b41e24485cea50d1cbac27 -> 
  custom:video-decoder-webm-vp8: 9c59270c3fd7afecdb556c50c9e8de78 -> 
  custom:audio-decoder-ogg-vorbis: bf7c407c2cedff20999df2af8eb42d56 -> 
========================================================================
Received Prepare
Registering precompiled user dll's ...
Registered in 0.006293 seconds.
Begin MonoManager ReloadAssembly
Symbol file LoadedFromMemory doesn't match image C:\Users\Ale\Desktop\3V\IAV\Proyecto Final\MeyerManoir\Library\PackageCache\com.unity.visualscripting@1.7.8\Editor\VisualScripting.Core\Dependencies\YamlDotNet\Unity.VisualScripting.YamlDotNet.dll
Symbol file LoadedFromMemory doesn't match image C:\Users\Ale\Desktop\3V\IAV\Proyecto Final\MeyerManoir\Library\PackageCache\com.unity.visualscripting@1.7.8\Editor\VisualScripting.Core\Dependencies\DotNetZip\Unity.VisualScripting.IonicZip.dll
Native extension for WindowsStandalone target not found
Native extension for Android target not found
Refreshing native plugins compatible for Editor in 0.58 ms, found 3 plugins.
Preloading 0 native plugins for Editor in 0.00 ms.
Mono: successfully reloaded assembly
- Completed reload, in  1.085 seconds
Domain Reload Profiling:
	ReloadAssembly (1086ms)
		BeginReloadAssembly (142ms)
			ExecutionOrderSort (0ms)
			DisableScriptedObjects (8ms)
			BackupInstance (0ms)
			ReleaseScriptingObjects (0ms)
			CreateAndSetChildDomain (34ms)
		EndReloadAssembly (851ms)
			LoadAssemblies (89ms)
			RebuildTransferFunctionScriptingTraits (0ms)
			SetupTypeCache (312ms)
			ReleaseScriptCaches (1ms)
			RebuildScriptCaches (45ms)
			SetupLoadedEditorAssemblies (363ms)
				LogAssemblyErrors (0ms)
				InitializePlatformSupportModulesInManaged (25ms)
				SetLoadedEditorAssemblies (0ms)
				RefreshPlugins (1ms)
				BeforeProcessingInitializeOnLoad (71ms)
				ProcessInitializeOnLoadAttributes (228ms)
				ProcessInitializeOnLoadMethodAttributes (32ms)
				AfterProcessingInitializeOnLoad (6ms)
				EditorAssembliesLoaded (0ms)
			ExecutionOrderSort2 (0ms)
			AwakeInstancesAfterBackupRestoration (6ms)
Platform modules already initialized, skipping
Refreshing native plugins compatible for Editor in 2.14 ms, found 3 plugins.
Preloading 0 native plugins for Editor in 0.00 ms.
Unloading 3366 Unused Serialized files (Serialized files now loaded: 0)
Unloading 24 unused Assets / (4.9 MB). Loaded Objects now: 3977.
Memory consumption went from 128.2 MB to 123.3 MB.
Total: 3.737600 ms (FindLiveObjects: 0.352600 ms CreateObjectMapping: 0.188700 ms MarkObjects: 2.299400 ms  DeleteObjects: 0.896100 ms)

AssetImportParameters requested are different than current active one (requested -> active):
  custom:video-decoder-ogg-theora: a1e56fd34408186e4bbccfd4996cb3dc -> 
  custom:container-muxer-webm: aa71ff27fc2769a1b78a27578f13a17b -> 
  custom:container-demuxer-webm: 4f35f7cbe854078d1ac9338744f61a02 -> 
  custom:video-encoder-webm-vp8: eb34c28f22e8b96e1ab97ce403110664 -> 
  custom:audio-encoder-webm-vorbis: bf7c407c2cedff20999df2af8eb42d56 -> 
  custom:framework-win-MediaFoundation: 216162199b28c13a410421893ffa2e32 -> 
  custom:container-demuxer-ogg: 62fdf1f143b41e24485cea50d1cbac27 -> 
  custom:video-decoder-webm-vp8: 9c59270c3fd7afecdb556c50c9e8de78 -> 
  custom:audio-decoder-ogg-vorbis: bf7c407c2cedff20999df2af8eb42d56 -> 
========================================================================
Received Prepare
Registering precompiled user dll's ...
Registered in 0.005766 seconds.
Begin MonoManager ReloadAssembly
Symbol file LoadedFromMemory doesn't match image C:\Users\Ale\Desktop\3V\IAV\Proyecto Final\MeyerManoir\Library\PackageCache\com.unity.visualscripting@1.7.8\Editor\VisualScripting.Core\Dependencies\YamlDotNet\Unity.VisualScripting.YamlDotNet.dll
Symbol file LoadedFromMemory doesn't match image C:\Users\Ale\Desktop\3V\IAV\Proyecto Final\MeyerManoir\Library\PackageCache\com.unity.visualscripting@1.7.8\Editor\VisualScripting.Core\Dependencies\DotNetZip\Unity.VisualScripting.IonicZip.dll
Native extension for WindowsStandalone target not found
Native extension for Android target not found
Refreshing native plugins compatible for Editor in 0.50 ms, found 3 plugins.
Preloading 0 native plugins for Editor in 0.00 ms.
Mono: successfully reloaded assembly
- Completed reload, in  1.086 seconds
Domain Reload Profiling:
	ReloadAssembly (1087ms)
		BeginReloadAssembly (144ms)
			ExecutionOrderSort (0ms)
			DisableScriptedObjects (6ms)
			BackupInstance (0ms)
			ReleaseScriptingObjects (0ms)
			CreateAndSetChildDomain (41ms)
		EndReloadAssembly (831ms)
			LoadAssemblies (84ms)
			RebuildTransferFunctionScriptingTraits (0ms)
			SetupTypeCache (306ms)
			ReleaseScriptCaches (1ms)
			RebuildScriptCaches (44ms)
			SetupLoadedEditorAssemblies (356ms)
				LogAssemblyErrors (0ms)
				InitializePlatformSupportModulesInManaged (22ms)
				SetLoadedEditorAssemblies (0ms)
				RefreshPlugins (1ms)
				BeforeProcessingInitializeOnLoad (71ms)
				ProcessInitializeOnLoadAttributes (230ms)
				ProcessInitializeOnLoadMethodAttributes (26ms)
				AfterProcessingInitializeOnLoad (6ms)
				EditorAssembliesLoaded (0ms)
			ExecutionOrderSort2 (0ms)
			AwakeInstancesAfterBackupRestoration (5ms)
Platform modules already initialized, skipping
Refreshing native plugins compatible for Editor in 2.02 ms, found 3 plugins.
Preloading 0 native plugins for Editor in 0.00 ms.
Unloading 3366 Unused Serialized files (Serialized files now loaded: 0)
Unloading 24 unused Assets / (4.9 MB). Loaded Objects now: 3980.
Memory consumption went from 128.3 MB to 123.4 MB.
Total: 4.012700 ms (FindLiveObjects: 0.361200 ms CreateObjectMapping: 0.233200 ms MarkObjects: 2.521200 ms  DeleteObjects: 0.895900 ms)

AssetImportParameters requested are different than current active one (requested -> active):
  custom:video-decoder-ogg-theora: a1e56fd34408186e4bbccfd4996cb3dc -> 
  custom:container-muxer-webm: aa71ff27fc2769a1b78a27578f13a17b -> 
  custom:container-demuxer-webm: 4f35f7cbe854078d1ac9338744f61a02 -> 
  custom:video-encoder-webm-vp8: eb34c28f22e8b96e1ab97ce403110664 -> 
  custom:audio-encoder-webm-vorbis: bf7c407c2cedff20999df2af8eb42d56 -> 
  custom:framework-win-MediaFoundation: 216162199b28c13a410421893ffa2e32 -> 
  custom:container-demuxer-ogg: 62fdf1f143b41e24485cea50d1cbac27 -> 
  custom:video-decoder-webm-vp8: 9c59270c3fd7afecdb556c50c9e8de78 -> 
  custom:audio-decoder-ogg-vorbis: bf7c407c2cedff20999df2af8eb42d56 -> 
========================================================================
Received Prepare
Registering precompiled user dll's ...
Registered in 0.008594 seconds.
Begin MonoManager ReloadAssembly
Symbol file LoadedFromMemory doesn't match image C:\Users\Ale\Desktop\3V\IAV\Proyecto Final\MeyerManoir\Library\PackageCache\com.unity.visualscripting@1.7.8\Editor\VisualScripting.Core\Dependencies\YamlDotNet\Unity.VisualScripting.YamlDotNet.dll
Symbol file LoadedFromMemory doesn't match image C:\Users\Ale\Desktop\3V\IAV\Proyecto Final\MeyerManoir\Library\PackageCache\com.unity.visualscripting@1.7.8\Editor\VisualScripting.Core\Dependencies\DotNetZip\Unity.VisualScripting.IonicZip.dll
Native extension for WindowsStandalone target not found
Native extension for Android target not found
Refreshing native plugins compatible for Editor in 1.15 ms, found 3 plugins.
Preloading 0 native plugins for Editor in 0.00 ms.
Mono: successfully reloaded assembly
- Completed reload, in  2.412 seconds
Domain Reload Profiling:
	ReloadAssembly (2416ms)
		BeginReloadAssembly (850ms)
			ExecutionOrderSort (0ms)
			DisableScriptedObjects (34ms)
			BackupInstance (0ms)
			ReleaseScriptingObjects (0ms)
			CreateAndSetChildDomain (449ms)
		EndReloadAssembly (1391ms)
			LoadAssemblies (210ms)
			RebuildTransferFunctionScriptingTraits (0ms)
			SetupTypeCache (503ms)
			ReleaseScriptCaches (3ms)
			RebuildScriptCaches (70ms)
			SetupLoadedEditorAssemblies (573ms)
				LogAssemblyErrors (0ms)
				InitializePlatformSupportModulesInManaged (37ms)
				SetLoadedEditorAssemblies (2ms)
				RefreshPlugins (1ms)
				BeforeProcessingInitializeOnLoad (109ms)
				ProcessInitializeOnLoadAttributes (376ms)
				ProcessInitializeOnLoadMethodAttributes (40ms)
				AfterProcessingInitializeOnLoad (8ms)
				EditorAssembliesLoaded (0ms)
			ExecutionOrderSort2 (0ms)
			AwakeInstancesAfterBackupRestoration (9ms)
Platform modules already initialized, skipping
Refreshing native plugins compatible for Editor in 3.65 ms, found 3 plugins.
Preloading 0 native plugins for Editor in 0.00 ms.
Unloading 3366 Unused Serialized files (Serialized files now loaded: 0)
Unloading 24 unused Assets / (4.9 MB). Loaded Objects now: 3983.
Memory consumption went from 128.3 MB to 123.4 MB.
Total: 9.421600 ms (FindLiveObjects: 0.347800 ms CreateObjectMapping: 0.227100 ms MarkObjects: 7.026600 ms  DeleteObjects: 1.818400 ms)

AssetImportParameters requested are different than current active one (requested -> active):
  custom:video-decoder-ogg-theora: a1e56fd34408186e4bbccfd4996cb3dc -> 
  custom:container-muxer-webm: aa71ff27fc2769a1b78a27578f13a17b -> 
  custom:container-demuxer-webm: 4f35f7cbe854078d1ac9338744f61a02 -> 
  custom:video-encoder-webm-vp8: eb34c28f22e8b96e1ab97ce403110664 -> 
  custom:audio-encoder-webm-vorbis: bf7c407c2cedff20999df2af8eb42d56 -> 
  custom:framework-win-MediaFoundation: 216162199b28c13a410421893ffa2e32 -> 
  custom:container-demuxer-ogg: 62fdf1f143b41e24485cea50d1cbac27 -> 
  custom:video-decoder-webm-vp8: 9c59270c3fd7afecdb556c50c9e8de78 -> 
  custom:audio-decoder-ogg-vorbis: bf7c407c2cedff20999df2af8eb42d56 -> 
========================================================================
Received Prepare
Registering precompiled user dll's ...
Registered in 0.007716 seconds.
Begin MonoManager ReloadAssembly
Symbol file LoadedFromMemory doesn't match image C:\Users\Ale\Desktop\3V\IAV\Proyecto Final\MeyerManoir\Library\PackageCache\com.unity.visualscripting@1.7.8\Editor\VisualScripting.Core\Dependencies\YamlDotNet\Unity.VisualScripting.YamlDotNet.dll
Symbol file LoadedFromMemory doesn't match image C:\Users\Ale\Desktop\3V\IAV\Proyecto Final\MeyerManoir\Library\PackageCache\com.unity.visualscripting@1.7.8\Editor\VisualScripting.Core\Dependencies\DotNetZip\Unity.VisualScripting.IonicZip.dll
Native extension for WindowsStandalone target not found
Native extension for Android target not found
Refreshing native plugins compatible for Editor in 0.75 ms, found 3 plugins.
Preloading 0 native plugins for Editor in 0.00 ms.
Mono: successfully reloaded assembly
- Completed reload, in  1.972 seconds
Domain Reload Profiling:
	ReloadAssembly (1974ms)
		BeginReloadAssembly (433ms)
			ExecutionOrderSort (0ms)
			DisableScriptedObjects (18ms)
			BackupInstance (0ms)
			ReleaseScriptingObjects (0ms)
			CreateAndSetChildDomain (158ms)
		EndReloadAssembly (1353ms)
			LoadAssemblies (192ms)
			RebuildTransferFunctionScriptingTraits (0ms)
			SetupTypeCache (475ms)
			ReleaseScriptCaches (3ms)
			RebuildScriptCaches (76ms)
			SetupLoadedEditorAssemblies (583ms)
				LogAssemblyErrors (0ms)
				InitializePlatformSupportModulesInManaged (35ms)
				SetLoadedEditorAssemblies (1ms)
				RefreshPlugins (1ms)
				BeforeProcessingInitializeOnLoad (115ms)
				ProcessInitializeOnLoadAttributes (383ms)
				ProcessInitializeOnLoadMethodAttributes (40ms)
				AfterProcessingInitializeOnLoad (8ms)
				EditorAssembliesLoaded (0ms)
			ExecutionOrderSort2 (0ms)
			AwakeInstancesAfterBackupRestoration (12ms)
Platform modules already initialized, skipping
Refreshing native plugins compatible for Editor in 3.14 ms, found 3 plugins.
Preloading 0 native plugins for Editor in 0.00 ms.
Unloading 3366 Unused Serialized files (Serialized files now loaded: 0)
Unloading 24 unused Assets / (4.9 MB). Loaded Objects now: 3986.
Memory consumption went from 128.2 MB to 123.3 MB.
Total: 6.046400 ms (FindLiveObjects: 0.341600 ms CreateObjectMapping: 0.223400 ms MarkObjects: 4.190300 ms  DeleteObjects: 1.289800 ms)

AssetImportParameters requested are different than current active one (requested -> active):
  custom:video-decoder-ogg-theora: a1e56fd34408186e4bbccfd4996cb3dc -> 
  custom:container-muxer-webm: aa71ff27fc2769a1b78a27578f13a17b -> 
  custom:container-demuxer-webm: 4f35f7cbe854078d1ac9338744f61a02 -> 
  custom:video-encoder-webm-vp8: eb34c28f22e8b96e1ab97ce403110664 -> 
  custom:audio-encoder-webm-vorbis: bf7c407c2cedff20999df2af8eb42d56 -> 
  custom:framework-win-MediaFoundation: 216162199b28c13a410421893ffa2e32 -> 
  custom:container-demuxer-ogg: 62fdf1f143b41e24485cea50d1cbac27 -> 
  custom:video-decoder-webm-vp8: 9c59270c3fd7afecdb556c50c9e8de78 -> 
  custom:audio-decoder-ogg-vorbis: bf7c407c2cedff20999df2af8eb42d56 -> 
========================================================================
Received Prepare
Registering precompiled user dll's ...
Registered in 0.008832 seconds.
Begin MonoManager ReloadAssembly
Symbol file LoadedFromMemory doesn't match image C:\Users\Ale\Desktop\3V\IAV\Proyecto Final\MeyerManoir\Library\PackageCache\com.unity.visualscripting@1.7.8\Editor\VisualScripting.Core\Dependencies\YamlDotNet\Unity.VisualScripting.YamlDotNet.dll
Symbol file LoadedFromMemory doesn't match image C:\Users\Ale\Desktop\3V\IAV\Proyecto Final\MeyerManoir\Library\PackageCache\com.unity.visualscripting@1.7.8\Editor\VisualScripting.Core\Dependencies\DotNetZip\Unity.VisualScripting.IonicZip.dll
Native extension for WindowsStandalone target not found
Native extension for Android target not found
Refreshing native plugins compatible for Editor in 0.71 ms, found 3 plugins.
Preloading 0 native plugins for Editor in 0.00 ms.
Mono: successfully reloaded assembly
- Completed reload, in  1.667 seconds
Domain Reload Profiling:
	ReloadAssembly (1668ms)
		BeginReloadAssembly (193ms)
			ExecutionOrderSort (0ms)
			DisableScriptedObjects (9ms)
			BackupInstance (0ms)
			ReleaseScriptingObjects (0ms)
			CreateAndSetChildDomain (53ms)
		EndReloadAssembly (1310ms)
			LoadAssemblies (117ms)
			RebuildTransferFunctionScriptingTraits (0ms)
			SetupTypeCache (460ms)
			ReleaseScriptCaches (3ms)
			RebuildScriptCaches (71ms)
			SetupLoadedEditorAssemblies (577ms)
				LogAssemblyErrors (0ms)
				InitializePlatformSupportModulesInManaged (31ms)
				SetLoadedEditorAssemblies (1ms)
				RefreshPlugins (1ms)
				BeforeProcessingInitializeOnLoad (115ms)
				ProcessInitializeOnLoadAttributes (376ms)
				ProcessInitializeOnLoadMethodAttributes (44ms)
				AfterProcessingInitializeOnLoad (10ms)
				EditorAssembliesLoaded (0ms)
			ExecutionOrderSort2 (0ms)
			AwakeInstancesAfterBackupRestoration (9ms)
Platform modules already initialized, skipping
Refreshing native plugins compatible for Editor in 2.43 ms, found 3 plugins.
Preloading 0 native plugins for Editor in 0.00 ms.
Unloading 3366 Unused Serialized files (Serialized files now loaded: 0)
Unloading 24 unused Assets / (4.9 MB). Loaded Objects now: 3989.
Memory consumption went from 128.4 MB to 123.4 MB.
Total: 6.653000 ms (FindLiveObjects: 0.464700 ms CreateObjectMapping: 0.257300 ms MarkObjects: 4.837400 ms  DeleteObjects: 1.092700 ms)

AssetImportParameters requested are different than current active one (requested -> active):
  custom:video-decoder-ogg-theora: a1e56fd34408186e4bbccfd4996cb3dc -> 
  custom:container-muxer-webm: aa71ff27fc2769a1b78a27578f13a17b -> 
  custom:container-demuxer-webm: 4f35f7cbe854078d1ac9338744f61a02 -> 
  custom:video-encoder-webm-vp8: eb34c28f22e8b96e1ab97ce403110664 -> 
  custom:audio-encoder-webm-vorbis: bf7c407c2cedff20999df2af8eb42d56 -> 
  custom:framework-win-MediaFoundation: 216162199b28c13a410421893ffa2e32 -> 
  custom:container-demuxer-ogg: 62fdf1f143b41e24485cea50d1cbac27 -> 
  custom:video-decoder-webm-vp8: 9c59270c3fd7afecdb556c50c9e8de78 -> 
  custom:audio-decoder-ogg-vorbis: bf7c407c2cedff20999df2af8eb42d56 -> 
